exp_id,lambda,seed,d_bottleneck,d_target,inference_params,training_params,val_accuracy,val_macro_f1,test_accuracy,test_macro_f1,val_mse,test_mse,val_mean_r2,test_mean_r2,test_median_r2,test_global_r2,elapsed_sec
B0,0.0,0,9,0,306,306,0.9614814519882202,0.9599625850254208,0.960185170173645,0.9588837645161389,,,,,,,2.24
B0,0.0,1,9,0,306,306,0.9614814519882202,0.9599625850254208,0.960185170173645,0.9588837645161389,,,,,,,1.04
B0,0.0,2,9,0,306,306,0.9614814519882202,0.9599625850254208,0.960185170173645,0.9588837645161389,,,,,,,1.09
R33,0.0,0,9,33,306,636,0.9614814519882202,0.9599625850254208,0.960185170173645,0.9588837645161389,1.068732500076294,1.080198884010315,-0.07825379073619843,-0.07965340465307236,-0.05152022838592529,-0.07955586910247803,1.05
R33,0.0,1,9,33,306,636,0.9614814519882202,0.9599625850254208,0.960185170173645,0.9588837645161389,1.0682686567306519,1.079413890838623,-0.07799888402223587,-0.07803046703338623,-0.02756667137145996,-0.07877147197723389,1.06
R33,0.0,2,9,33,306,636,0.9614814519882202,0.9599625850254208,0.960185170173645,0.9588837645161389,1.2008827924728394,1.214881181716919,-0.20947471261024475,-0.2130790650844574,-0.13497495651245117,-0.21415817737579346,1.16
R33,0.001,0,9,33,306,636,0.9616666436195374,0.9601659946057429,0.960185170173645,0.9588837645161389,0.2422846555709839,0.24011243879795074,0.7572900056838989,0.7580161094665527,0.8363781571388245,0.7600305080413818,1.12
R33,0.001,1,9,33,306,636,0.9614814519882202,0.9599625850254208,0.960185170173645,0.9588837645161389,0.242453932762146,0.24029545485973358,0.7571190595626831,0.7578315138816833,0.836182713508606,0.7598475813865662,1.09
R33,0.001,2,9,33,306,636,0.9616666436195374,0.9601659946057429,0.960185170173645,0.9588837645161389,0.2420903742313385,0.23986884951591492,0.7574887871742249,0.7582610249519348,0.8364130854606628,0.7602738738059998,1.17
R33,0.01,0,9,33,306,636,0.9611111283302307,0.9596103127471121,0.9607407450675964,0.959445415869997,0.2307944893836975,0.2296873927116394,0.7690111398696899,0.7684282660484314,0.8536527752876282,0.7704492807388306,1.23
R33,0.01,1,9,33,306,636,0.9612963199615479,0.9598052028583999,0.9605555534362793,0.9592981318461222,0.23108214139938354,0.22963298857212067,0.7687122225761414,0.7684934139251709,0.8534610867500305,0.7705036997795105,1.11
R33,0.01,2,9,33,306,636,0.9614814519882202,0.9600052559074976,0.960185170173645,0.9588903903746401,0.23053324222564697,0.2292323261499405,0.7692670822143555,0.7688916921615601,0.853687047958374,0.7709041237831116,1.09
R33,0.1,0,9,33,306,636,0.9549999833106995,0.9531298088699967,0.9553703665733337,0.9538638878970824,0.19219763576984406,0.19133374094963074,0.807560384273529,0.8073997497558594,0.8801953792572021,0.8087801337242126,1.09
R33,0.1,1,9,33,306,636,0.9544444680213928,0.9525268657825207,0.9553703665733337,0.9538706171430938,0.19212305545806885,0.19113652408123016,0.8076435327529907,0.807588517665863,0.8809490203857422,0.8089772462844849,1.09
R33,0.1,2,9,33,306,636,0.9548147916793823,0.9529190550174331,0.9551851749420166,0.9536751731140283,0.19261035323143005,0.19161681830883026,0.8071399927139282,0.8071127533912659,0.8798889517784119,0.8084972500801086,1.12
R33,0.3,0,9,33,306,636,0.9496296048164368,0.9475767998511534,0.9487037062644958,0.9467470305198511,0.1521446257829666,0.1520828902721405,0.8471288084983826,0.8473308086395264,0.9051902890205383,0.8480076193809509,1.11
R33,0.3,1,9,33,306,636,0.949999988079071,0.9479548866084846,0.9487037062644958,0.946778304238264,0.15149033069610596,0.15159589052200317,0.8478047251701355,0.8477994799613953,0.9062798619270325,0.8484943509101868,1.13
R33,0.3,2,9,33,306,636,0.9490740895271301,0.9470537911129085,0.9487037062644958,0.9467795577667569,0.15127623081207275,0.15160787105560303,0.8480219841003418,0.8478045463562012,0.9056690335273743,0.8484823703765869,1.09
R33,1.0,0,9,33,306,636,0.9375925660133362,0.9350849489107933,0.9401851892471313,0.9381915619569208,0.1258832812309265,0.12598450481891632,0.8732735514640808,0.8736066818237305,0.915595293045044,0.8740904927253723,1.1
R33,1.0,1,9,33,306,636,0.9374074339866638,0.9348957264905794,0.9405555725097656,0.938595588657764,0.12580876052379608,0.12594939768314362,0.873354971408844,0.8736385703086853,0.9156321287155151,0.874125599861145,1.09
R33,1.0,2,9,33,306,636,0.9375925660133362,0.9351696920317305,0.9407407641410828,0.938717956471326,0.12588734924793243,0.12608081102371216,0.8732671737670898,0.873515248298645,0.9150815010070801,0.8739942312240601,1.11
R50,0.0,0,9,50,306,806,0.9614814519882202,0.9599625850254208,0.960185170173645,0.9588837645161389,1.1177860498428345,1.136041283607483,-0.13141289353370667,-0.13220146298408508,-0.10846537351608276,-0.13227713108062744,1.07
R50,0.0,1,9,50,306,806,0.9614814519882202,0.9599625850254208,0.960185170173645,0.9588837645161389,1.0811021327972412,1.0997635126113892,-0.09288252145051956,-0.09326358139514923,-0.04449141025543213,-0.09611940383911133,1.1
R50,0.0,2,9,50,306,806,0.9614814519882202,0.9599625850254208,0.960185170173645,0.9588837645161389,1.1258656978607178,1.145437240600586,-0.13743185997009277,-0.14013385772705078,-0.05488318204879761,-0.14164185523986816,1.08
R50,0.001,0,9,50,306,806,0.9616666436195374,0.9601659946057429,0.960185170173645,0.9588837645161389,0.2768785357475281,0.27703484892845154,0.7211023569107056,0.7223141193389893,0.8021227121353149,0.7238831520080566,1.14
R50,0.001,1,9,50,306,806,0.9616666436195374,0.9601659946057429,0.960185170173645,0.9588837645161389,0.2770480811595917,0.27716317772865295,0.7209333181381226,0.7221845388412476,0.8021653890609741,0.7237551808357239,1.11
R50,0.001,2,9,50,306,806,0.9616666436195374,0.9601659946057429,0.960185170173645,0.9588837645161389,0.2766439914703369,0.27681851387023926,0.7213385105133057,0.7225324511528015,0.8021067380905151,0.7240986824035645,1.13
R50,0.01,0,9,50,306,806,0.9609259366989136,0.9593702306834013,0.9603703618049622,0.9590742713038392,0.2676536738872528,0.2681553065776825,0.7304735779762268,0.7311978340148926,0.8013521432876587,0.7327332496643066,1.13
R50,0.01,1,9,50,306,806,0.9609259366989136,0.9593702306834013,0.960185170173645,0.958896225508777,0.26816949248313904,0.2687191069126129,0.7299482226371765,0.7306264638900757,0.8010175824165344,0.7321712970733643,1.12
R50,0.01,2,9,50,306,806,0.9609259366989136,0.9593858116100084,0.9599999785423279,0.9587057187210768,0.26765620708465576,0.2681707739830017,0.7304738759994507,0.7311790585517883,0.801088809967041,0.7327178120613098,1.14
R50,0.1,0,9,50,306,806,0.955740749835968,0.953984542382643,0.9574074149131775,0.9558748839908013,0.2385977953672409,0.2397439330816269,0.7595629692077637,0.759753942489624,0.8448579907417297,0.7610504627227783,1.12
R50,0.1,1,9,50,306,806,0.955740749835968,0.9539944059868862,0.9574074149131775,0.9558393164653964,0.23874713480472565,0.2398798018693924,0.7594030499458313,0.7596255540847778,0.8436021208763123,0.7609150409698486,1.12
R50,0.1,2,9,50,306,806,0.9561111330986023,0.9543515334652882,0.9574074149131775,0.9559018919584961,0.23872122168540955,0.2398694008588791,0.7594414353370667,0.7596312761306763,0.8439468741416931,0.7609254121780396,1.14
R50,0.3,0,9,50,306,806,0.949999988079071,0.9478534094390622,0.9518518447875977,0.9502062234726297,0.2040524035692215,0.2057146430015564,0.7934480905532837,0.7941527366638184,0.8606432676315308,0.794966995716095,1.15
R50,0.3,1,9,50,306,806,0.949999988079071,0.9478699901709364,0.9516666531562805,0.949974204430643,0.20387546718120575,0.20561446249485016,0.7936242818832397,0.794252872467041,0.8613286018371582,0.7950668334960938,1.12
R50,0.3,2,9,50,306,806,0.9514814615249634,0.949398284360651,0.9520370364189148,0.9503783434475551,0.2045590877532959,0.20625875890254974,0.7929632663726807,0.793609082698822,0.8605927228927612,0.7944246530532837,1.12
R50,1.0,0,9,50,306,806,0.9403703808784485,0.9378995648264867,0.9411110877990723,0.9389660148354734,0.17377977073192596,0.1754033863544464,0.823727548122406,0.8246215581893921,0.8923052549362183,0.825177788734436,1.09
R50,1.0,1,9,50,306,806,0.9407407641410828,0.9382570625745308,0.9414814710617065,0.9393613805723058,0.17362600564956665,0.17526091635227203,0.8238891363143921,0.8247701525688171,0.892798662185669,0.8253198266029358,1.1
R50,1.0,2,9,50,306,806,0.9403703808784485,0.9379712852636224,0.9407407641410828,0.9384893435796714,0.1740451157093048,0.17563094198703766,0.8234670758247375,0.8243948221206665,0.8907291293144226,0.8249510526657104,1.1
R100,0.0,0,9,100,306,1306,0.9614814519882202,0.9599625850254208,0.960185170173645,0.9588837645161389,1.1058062314987183,1.121315836906433,-0.11940130591392517,-0.11966680735349655,-0.10027182102203369,-0.1195899248123169,1.03
R100,0.0,1,9,100,306,1306,0.9614814519882202,0.9599625850254208,0.960185170173645,0.9588837645161389,1.1012027263641357,1.1178393363952637,-0.11357589811086655,-0.11528286337852478,-0.06503790616989136,-0.11611878871917725,1.06
R100,0.0,2,9,100,306,1306,0.9614814519882202,0.9599625850254208,0.960185170173645,0.9588837645161389,1.126529574394226,1.1429657936096191,-0.1377554088830948,-0.14009952545166016,-0.11590033769607544,-0.14120662212371826,1.03
R100,0.001,0,9,100,306,1306,0.9614814519882202,0.9599625850254208,0.960185170173645,0.9588837645161389,0.2990832030773163,0.29889073967933655,0.6984947323799133,0.6996808052062988,0.7959717512130737,0.7015693187713623,1.14
R100,0.001,1,9,100,306,1306,0.9614814519882202,0.9599625850254208,0.960185170173645,0.9588837645161389,0.2990756630897522,0.2988956570625305,0.6985034942626953,0.699676513671875,0.7959938049316406,0.7015644311904907,1.13
R100,0.001,2,9,100,306,1306,0.9614814519882202,0.9599625850254208,0.960185170173645,0.9588837645161389,0.29905879497528076,0.2988675534725189,0.6985189318656921,0.6997040510177612,0.796023964881897,0.7015924453735352,1.14
R100,0.01,0,9,100,306,1306,0.9614814519882202,0.9599426032911627,0.9599999785423279,0.9587009793494259,0.2873190939426422,0.28738871216773987,0.7104723453521729,0.7112034559249878,0.8025726675987244,0.7130535840988159,1.12
R100,0.01,1,9,100,306,1306,0.9614814519882202,0.9599426032911627,0.9599999785423279,0.9587009793494259,0.28735440969467163,0.28739482164382935,0.71043860912323,0.7111965417861938,0.8026564121246338,0.7130475044250488,1.12
R100,0.01,2,9,100,306,1306,0.9614814519882202,0.9599426032911627,0.960185170173645,0.9589142041746127,0.2874142527580261,0.28743335604667664,0.7103763818740845,0.7111570835113525,0.8026415109634399,0.7130091190338135,1.13
R100,0.1,0,9,100,306,1306,0.9594444632530212,0.9578193530608129,0.9566666483879089,0.955164527585838,0.25718551874160767,0.25767913460731506,0.7407094836235046,0.7411285638809204,0.8508937358856201,0.7427175045013428,1.15
R100,0.1,1,9,100,306,1306,0.959074079990387,0.957409219901851,0.9574074149131775,0.9559488237504205,0.2571960389614105,0.2578178346157074,0.740684449672699,0.7409937977790833,0.8504291772842407,0.7425789833068848,1.14
R100,0.1,2,9,100,306,1306,0.959074079990387,0.9574740711647666,0.9572222232818604,0.9557337779712833,0.25692784786224365,0.2576102316379547,0.7409394979476929,0.7412081360816956,0.8505542278289795,0.7427862882614136,1.13
R100,0.3,0,9,100,306,1306,0.9527778029441833,0.9508104249148589,0.9538888931274414,0.9523770739595546,0.23301519453525543,0.23329100012779236,0.7646273970603943,0.7658869028091431,0.8700690269470215,0.767068088054657,1.14
R100,0.3,1,9,100,306,1306,0.9525926113128662,0.9506162318831164,0.9540740847587585,0.9525407489512476,0.23301228880882263,0.23334430158138275,0.7646299600601196,0.7658339142799377,0.8699718713760376,0.7670148611068726,1.13
R100,0.3,2,9,100,306,1306,0.9527778029441833,0.9507557305524943,0.9546296000480652,0.9531699554863842,0.23283374309539795,0.23314514756202698,0.7647891044616699,0.7660271525382996,0.8706375360488892,0.7672137022018433,1.13
R100,1.0,0,9,100,306,1306,0.9466666579246521,0.9443423004022209,0.9466666579246521,0.9446661588530187,0.20706802606582642,0.20736819505691528,0.7903712391853333,0.7921030521392822,0.8942264914512634,0.7929509878158569,1.15
R100,1.0,1,9,100,306,1306,0.9459259510040283,0.943643920840261,0.9462962746620178,0.9443267924744208,0.20723983645439148,0.20753662288188934,0.790188729763031,0.7919394969940186,0.8950504660606384,0.7927827835083008,1.15
R100,1.0,2,9,100,306,1306,0.9451851844787598,0.9428131406739657,0.9462962746620178,0.9443095363247274,0.20739252865314484,0.20766274631023407,0.7900393605232239,0.7918087244033813,0.8947557210922241,0.7926568984985352,1.15
R389,0.0,0,9,389,306,4196,0.9614814519882202,0.9599625850254208,0.960185170173645,0.9588837645161389,1.130361795425415,1.128272533416748,-0.11546027660369873,-0.11718014627695084,-0.08697044849395752,-0.1167755126953125,1.06
R389,0.0,1,9,389,306,4196,0.9614814519882202,0.9599625850254208,0.960185170173645,0.9588837645161389,1.1490788459777832,1.1480971574783325,-0.1327970325946808,-0.13644209504127502,-0.0948789119720459,-0.1363980770111084,1.06
R389,0.0,2,9,389,306,4196,0.9614814519882202,0.9599625850254208,0.960185170173645,0.9588837645161389,1.1627260446548462,1.1615945100784302,-0.14754243195056915,-0.14915941655635834,-0.09671413898468018,-0.14975786209106445,1.04
R389,0.001,0,9,389,306,4196,0.9614814519882202,0.9599625850254208,0.960185170173645,0.9588837645161389,0.5007832646369934,0.4867951571941376,0.5164516568183899,0.5182797908782959,0.5859889984130859,0.5181652903556824,1.37
R389,0.001,1,9,389,306,4196,0.9614814519882202,0.9599625850254208,0.960185170173645,0.9588837645161389,0.5008291602134705,0.4868248999118805,0.5164059996604919,0.5182503461837769,0.585939884185791,0.5181358456611633,1.39
R389,0.001,2,9,389,306,4196,0.9614814519882202,0.9599625850254208,0.960185170173645,0.9588837645161389,0.5007011294364929,0.48671334981918335,0.516533374786377,0.5183615684509277,0.586014986038208,0.5182462334632874,1.38
R389,0.01,0,9,389,306,4196,0.9618518352508545,0.9603693615280638,0.9599999785423279,0.9586982990254397,0.4897973835468292,0.4760039746761322,0.5274069309234619,0.5290802121162415,0.5921075344085693,0.5288465023040771,1.37
R389,0.01,1,9,389,306,4196,0.9616666436195374,0.9601659946057429,0.960185170173645,0.9588979515297374,0.48906224966049194,0.47528526186943054,0.5281380414962769,0.5297974944114685,0.5925033092498779,0.5295578837394714,1.38
R389,0.01,2,9,389,306,4196,0.9616666436195374,0.9601659946057429,0.9599999785423279,0.9586931741516134,0.48946574330329895,0.47565898299217224,0.5277386903762817,0.5294232368469238,0.5921937227249146,0.5291879773139954,1.38
R389,0.1,0,9,389,306,4196,0.9609259366989136,0.959381515485082,0.9585185050964355,0.9571082734372661,0.4521884024143219,0.4398192763328552,0.5646815896034241,0.5652397274971008,0.646536111831665,0.5646624565124512,1.4
R389,0.1,1,9,389,306,4196,0.9612963199615479,0.9597535138014142,0.9587036967277527,0.957309351630068,0.4521385133266449,0.439748078584671,0.5647314190864563,0.5653122663497925,0.6465247273445129,0.5647329092025757,1.4
R389,0.1,2,9,389,306,4196,0.9611111283302307,0.9595597183744549,0.9581481218338013,0.9567260942025392,0.4518331289291382,0.43943604826927185,0.5650221705436707,0.565622091293335,0.6459067463874817,0.5650417804718018,1.41
R389,0.3,0,9,389,306,4196,0.9570370316505432,0.9552812888947836,0.9561111330986023,0.9547684742225512,0.42194217443466187,0.40975287556648254,0.5944719910621643,0.5952033996582031,0.6976816654205322,0.5944225192070007,1.41
R389,0.3,1,9,389,306,4196,0.9568518400192261,0.9550964890892677,0.9561111330986023,0.9547684742225512,0.4218379855155945,0.40972399711608887,0.5945739150047302,0.595233142375946,0.6972818970680237,0.5944510698318481,1.39
R389,0.3,2,9,389,306,4196,0.9568518400192261,0.9550846904124943,0.9561111330986023,0.9547501271104724,0.4216127395629883,0.4095231890678406,0.5947960615158081,0.5954393148422241,0.7004299759864807,0.5946498513221741,1.41
R389,1.0,0,9,389,306,4196,0.9490740895271301,0.9469053571437376,0.9509259462356567,0.949204195575386,0.39507508277893066,0.38237789273262024,0.621046781539917,0.6223869919776917,0.7436891794204712,0.621518611907959,1.39
R389,1.0,1,9,389,306,4196,0.9487037062644958,0.9465196044686257,0.9511111378669739,0.9494066236685619,0.3951432406902313,0.3824754059314728,0.6209694147109985,0.6222853660583496,0.7433030605316162,0.6214219927787781,1.39
R389,1.0,2,9,389,306,4196,0.9487037062644958,0.9464608662174493,0.9505555629730225,0.9488464560056638,0.3951350152492523,0.3825337290763855,0.6209858059883118,0.6222365498542786,0.7441908717155457,0.6213642358779907,1.38
RD,0.0,0,9,356,306,3866,0.9614814519882202,0.9599625850254208,0.960185170173645,0.9588837645161389,1.1200834512710571,1.1183879375457764,-0.10345392674207687,-0.10655251890420914,-0.08072072267532349,-0.10600733757019043,1.05
RD,0.0,1,9,356,306,3866,0.9614814519882202,0.9599625850254208,0.960185170173645,0.9588837645161389,1.1444499492645264,1.1425291299819946,-0.12652979791164398,-0.12874460220336914,-0.08355510234832764,-0.12988126277923584,1.06
RD,0.0,2,9,356,306,3866,0.9614814519882202,0.9599625850254208,0.960185170173645,0.9588837645161389,1.1444144248962402,1.1436233520507812,-0.12805265188217163,-0.13158737123012543,-0.08808475732803345,-0.13096320629119873,1.07
RD,0.001,0,9,356,306,3866,0.9614814519882202,0.9599625850254208,0.960185170173645,0.9588837645161389,0.5237295627593994,0.5086739659309387,0.4951469302177429,0.4970538020133972,0.5575425624847412,0.49695706367492676,1.32
RD,0.001,1,9,356,306,3866,0.9616666436195374,0.9601659946057429,0.960185170173645,0.9588837645161389,0.5239832997322083,0.50893634557724,0.4948948323726654,0.4967944025993347,0.5574402809143066,0.4966976046562195,1.34
RD,0.001,2,9,356,306,3866,0.9614814519882202,0.9599625850254208,0.960185170173645,0.9588837645161389,0.5237160325050354,0.5086601376533508,0.4951605498790741,0.49706730246543884,0.5574519634246826,0.4969707727432251,1.34
RD,0.01,0,9,356,306,3866,0.9616666436195374,0.9601659946057429,0.9599999785423279,0.9586931764184887,0.5128113627433777,0.4980468451976776,0.5060145854949951,0.5076760649681091,0.5741075873374939,0.5074665546417236,1.31
RD,0.01,1,9,356,306,3866,0.9618518352508545,0.9603693615280638,0.9599999785423279,0.9586931741516134,0.5124687552452087,0.49771782755851746,0.5063525438308716,0.5080031752586365,0.5750275254249573,0.5077919363975525,1.33
RD,0.01,2,9,356,306,3866,0.9616666436195374,0.9601659946057429,0.9599999785423279,0.9586843697157619,0.5129959583282471,0.4982919692993164,0.5058278441429138,0.5074319839477539,0.5737549066543579,0.5072241425514221,1.36
RD,0.1,0,9,356,306,3866,0.9609259366989136,0.9594173025093152,0.9581481218338013,0.9567200114035931,0.47600802779197693,0.46252790093421936,0.542447566986084,0.5431182384490967,0.6194239854812622,0.5425923466682434,1.38
RD,0.1,1,9,356,306,3866,0.9607407450675964,0.9592110683473216,0.9585185050964355,0.9571154413816181,0.4761110544204712,0.4625560939311981,0.5423429012298584,0.5430902242660522,0.6195350885391235,0.5425643920898438,1.35
RD,0.1,2,9,356,306,3866,0.9605555534362793,0.9589444756963454,0.9585185050964355,0.9571154413816181,0.4758746922016144,0.4623223543167114,0.5425763726234436,0.5433206558227539,0.6204333305358887,0.5427955389022827,1.37
RD,0.3,0,9,356,306,3866,0.9566666483879089,0.9548694648856102,0.9561111330986023,0.9547500882964639,0.4448696970939636,0.4316241443157196,0.5730786919593811,0.5738290548324585,0.6658139228820801,0.5731539726257324,1.35
RD,0.3,1,9,356,306,3866,0.9559259414672852,0.9541218244430585,0.9561111330986023,0.9547367981402038,0.444734662771225,0.43145743012428284,0.5732253789901733,0.573998212814331,0.6658542156219482,0.5733188390731812,1.37
RD,0.3,2,9,356,306,3866,0.9559259414672852,0.9541201507432036,0.9562962651252747,0.9549609470957903,0.4447287917137146,0.4314061105251312,0.5732414126396179,0.5740511417388916,0.665740966796875,0.573369562625885,1.38
RD,1.0,0,9,356,306,3866,0.9492592811584473,0.9470436890554863,0.9494444131851196,0.9476518400218357,0.4174472689628601,0.4035535156726837,0.6002398133277893,0.6016519665718079,0.712256669998169,0.6009138822555542,1.37
RD,1.0,1,9,356,306,3866,0.9485185146331787,0.9462341904359215,0.9501851797103882,0.948416425131802,0.4175378978252411,0.40373602509498596,0.6001577973365784,0.6014739274978638,0.7110656499862671,0.6007333993911743,1.36
RD,1.0,2,9,356,306,3866,0.9487037062644958,0.9464374043923296,0.9507407546043396,0.9490167688196867,0.41739922761917114,0.40350422263145447,0.6002993583679199,0.6017035841941833,0.7118812799453735,0.6009625792503357,1.37
R389-Nonlinear,0.01,0,9,389,306,13463,0.9616666436195374,0.9601725189409356,0.9605555534362793,0.9592854002340763,0.41413936018943787,0.40081438422203064,0.6021414995193481,0.603985607624054,0.6950459480285645,0.603270411491394,1.44
R389-Nonlinear,0.01,1,9,389,306,13463,0.9618518352508545,0.9603524500324975,0.9605555534362793,0.9592854002340763,0.4154878258705139,0.40060529112815857,0.6007715463638306,0.6042051911354065,0.6954928636550903,0.6034773588180542,1.45
R389-Nonlinear,0.1,0,9,389,306,13463,0.9607407450675964,0.9592597703339845,0.9587036967277527,0.9573727736974893,0.3891231417655945,0.37722042202949524,0.6264055967330933,0.6273917555809021,0.7283515334129333,0.6266239285469055,1.44
R389-Nonlinear,0.1,1,9,389,306,13463,0.9611111283302307,0.9595959594123565,0.9588888883590698,0.957546067827125,0.3879024386405945,0.37367644906044006,0.6275326609611511,0.6306515336036682,0.7338488101959229,0.6301318407058716,1.44
R389-Nonlinear,0.3,0,9,389,306,13463,0.9555555582046509,0.9538542387742991,0.9577777981758118,0.9562985265847226,0.3683534562587738,0.35522714257240295,0.6469032764434814,0.6491806507110596,0.7675459980964661,0.6483930945396423,1.44
R389-Nonlinear,0.3,1,9,389,306,13463,0.9551851749420166,0.9533661269891567,0.9566666483879089,0.9550869091732602,0.36446094512939453,0.35096174478530884,0.6506456136703491,0.6533087491989136,0.7696948051452637,0.6526150107383728,1.45
R389-Probs,0.01,0,9,389,306,4585,0.9609259366989136,0.9593768459923557,0.9599999785423279,0.9587057187210768,0.5934332013130188,0.5811192989349365,0.423130065202713,0.42491182684898376,0.4805727005004883,0.4248030185699463,1.41
R389-Probs,0.01,1,9,389,306,4585,0.9611111283302307,0.9595635031241171,0.960185170173645,0.9588949346283602,0.5934853553771973,0.5811719298362732,0.4230785369873047,0.42486003041267395,0.4805305004119873,0.4247509837150574,1.43
R389-Probs,0.1,0,9,389,306,4585,0.9616666436195374,0.9601659946057429,0.9599999785423279,0.9586931764184887,0.5900874733924866,0.5776222348213196,0.42648401856422424,0.42837125062942505,0.48436129093170166,0.4282644987106323,1.41
R389-Probs,0.1,1,9,389,306,4585,0.9616666436195374,0.9601659946057429,0.9599999785423279,0.9586931741516134,0.5900870561599731,0.5776204466819763,0.4264844059944153,0.42837297916412354,0.48436760902404785,0.4282662868499756,1.5
R389-Probs,0.3,0,9,389,306,4585,0.9618518352508545,0.9603506998079311,0.9599999785423279,0.9587260276553599,0.5893994569778442,0.5767769813537598,0.427168071269989,0.42920640110969543,0.4855960011482239,0.4291011095046997,1.16
R389-Probs,0.3,1,9,389,306,4585,0.9616666436195374,0.9601466880250775,0.9599999785423279,0.9587260276553599,0.5893990993499756,0.5767749547958374,0.4271685779094696,0.4292084872722626,0.48555517196655273,0.42910313606262207,1.26
Recon-Only-Probe,inf,0,9,389,306,4296,,,0.895370364189148,0.8908483858211543,,,,0.6609266400337219,0.7764538526535034,0.6601324081420898,0.0
FP1_Selected->Next33,0.01,0,9,33,306,636,0.9612963199615479,0.9598188054845156,0.960185170173645,0.9588902276093576,0.31867775321006775,0.31738290190696716,0.6803624033927917,0.6793999075889587,0.7523366808891296,0.6828513741493225,1.32
FP1_Selected->Next33,0.01,1,9,33,306,636,0.9616666436195374,0.96019267605518,0.9603703618049622,0.9591034524345444,0.3192324638366699,0.31823015213012695,0.6797822713851929,0.6785409450531006,0.7523186206817627,0.6820047497749329,1.17
FP1_Selected->Next33,0.1,0,9,33,306,636,0.9549999833106995,0.9531191645898925,0.955740749835968,0.9541508049028756,0.2680424153804779,0.2692563831806183,0.7301947474479675,0.7289901375770569,0.7769162654876709,0.73094242811203,1.13
FP1_Selected->Next33,0.1,1,9,33,306,636,0.9542592763900757,0.9523759734815085,0.9544444680213928,0.9527900478577452,0.26688241958618164,0.26818662881851196,0.7313666343688965,0.7300766706466675,0.7740607857704163,0.7320113182067871,1.12
FP1_Selected->Next33,0.3,0,9,33,306,636,0.9487037062644958,0.9464445577630295,0.9479629397392273,0.9460631268393535,0.21759362518787384,0.21992634236812592,0.7797382473945618,0.7794128060340881,0.8299474120140076,0.780236005783081,1.11
FP1_Selected->Next33,0.3,1,9,33,306,636,0.9487037062644958,0.9463944695005557,0.9477777481079102,0.94584376411976,0.21703669428825378,0.21922779083251953,0.7803247570991516,0.7801285982131958,0.8292179107666016,0.7809340357780457,1.13
FP2_Selected->Discarded33,0.01,0,9,33,306,636,0.9614814519882202,0.9599551863374625,0.9603703618049622,0.9590847928632449,0.4759301543235779,0.4796466529369354,0.5257757902145386,0.522095799446106,0.5479086637496948,0.5233387351036072,1.16
FP2_Selected->Discarded33,0.01,1,9,33,306,636,0.9611111283302307,0.9595954005504124,0.9603703618049622,0.9590849556285275,0.4764600396156311,0.4799027144908905,0.5252690315246582,0.5218538045883179,0.547095775604248,0.523084282875061,1.15
FP2_Selected->Discarded33,0.1,0,9,33,306,636,0.9537037014961243,0.951833140538185,0.9551851749420166,0.9535635171497512,0.4197155237197876,0.4262147545814514,0.5806605219841003,0.5762389302253723,0.6312845945358276,0.5764380097389221,1.16
FP2_Selected->Discarded33,0.1,1,9,33,306,636,0.9540740847587585,0.9521710504317408,0.9551851749420166,0.9535651457917446,0.4194222092628479,0.4260142147541046,0.58094722032547,0.5764413475990295,0.6305496692657471,0.5766372680664062,1.15
FP2_Selected->Discarded33,0.3,0,9,33,306,636,0.9483333230018616,0.9462323617737217,0.9501851797103882,0.9483337065596162,0.37454062700271606,0.38221368193626404,0.6249206066131592,0.6205015182495117,0.693970799446106,0.6201651692390442,1.14
FP2_Selected->Discarded33,0.3,1,9,33,306,636,0.9472222328186035,0.9450183399766283,0.9501851797103882,0.9483479553666662,0.37383273243904114,0.3817043602466583,0.6256141066551208,0.6209841966629028,0.6958121061325073,0.6206713914871216,1.13
Control_Random->Random,0.01,0,9,33,306,636,0.9233333468437195,0.9195136707359367,0.9162963032722473,0.9126463513986017,0.4691445827484131,0.4732702970504761,0.5355464220046997,0.5347220301628113,0.6009255647659302,0.5349147319793701,1.13
Control_Random->Random,0.01,1,9,33,306,636,0.9235185384750366,0.9196901754306431,0.9164814949035645,0.912832030443602,0.46942630410194397,0.4734727144241333,0.5352708101272583,0.5345198512077332,0.6015403270721436,0.5347158312797546,1.15
Control_Random->Random,0.1,0,9,33,306,636,0.9179629683494568,0.9145770564186669,0.9107407331466675,0.9073098655483294,0.3863733410835266,0.38734155893325806,0.6164132952690125,0.6198263168334961,0.6319459676742554,0.6193573474884033,1.16
Control_Random->Random,0.1,1,9,33,306,636,0.9179629683494568,0.9146709609665257,0.9111111164093018,0.9075987651018306,0.3853806257247925,0.3861461877822876,0.6173962354660034,0.6210008859634399,0.6337636709213257,0.6205320358276367,1.17
Control_Random->Random,0.3,0,9,33,306,636,0.9103703498840332,0.9065280877010753,0.9081481695175171,0.9047059993909015,0.33300718665122986,0.33264750242233276,0.6694494485855103,0.6740545630455017,0.6871890425682068,0.6731054782867432,1.15
Control_Random->Random,0.3,1,9,33,306,636,0.9101851582527161,0.9064414191279303,0.9075925946235657,0.904099484864189,0.33313873410224915,0.3326334059238434,0.669339120388031,0.6740662455558777,0.6870614290237427,0.6731193661689758,1.13
Control_ShuffledTarget,0.01,0,9,33,306,636,0.9607407450675964,0.9591765496380816,0.9603703618049622,0.959123908034428,0.975442111492157,0.9846370220184326,0.016062287613749504,0.015929192304611206,0.01573050022125244,0.015950500965118408,1.18
Control_ShuffledTarget,0.01,1,9,33,306,636,0.9609259366989136,0.9593860257025334,0.9599999785423279,0.9587436712698558,0.9766650795936584,0.985867440700531,0.014822244644165039,0.014721762388944626,0.0180208683013916,0.014720797538757324,1.16
Control_ShuffledTarget,0.1,0,9,33,306,636,0.9559259414672852,0.9541917978300806,0.9566666483879089,0.9551307941902936,0.9816121459007263,0.9907109141349792,0.009852709248661995,0.009921018034219742,0.0067206621170043945,0.009880125522613525,1.16
Control_ShuffledTarget,0.1,1,9,33,306,636,0.9551851749420166,0.9533997120368465,0.9561111330986023,0.9545331438607121,0.9711942672729492,0.9800710082054138,0.0204433836042881,0.02048095501959324,0.020390033721923828,0.02051365375518799,1.16
Control_ShuffledTarget,0.3,0,9,33,306,636,0.9512962698936462,0.9492592412267843,0.9537037014961243,0.9522303798333288,0.9770054817199707,0.9865220189094543,0.014448752626776695,0.014094549231231213,0.009293198585510254,0.014066576957702637,1.16
Control_ShuffledTarget,0.3,1,9,33,306,636,0.9503703713417053,0.9483402173925208,0.95333331823349,0.9518521853787613,0.9758549332618713,0.9850727915763855,0.015691310167312622,0.0154285142198205,0.014192044734954834,0.015514910221099854,1.12
JEPA-Mask25,0.01,0,9,389,3510,7400,,,0.9562962651252747,0.9546011762907243,,0.5245944857597351,,0.48066070675849915,0.5622526407241821,0.48075175285339355,3.66
JEPA-Mask25,0.1,0,9,389,3510,7400,,,0.9535185098648071,0.9516563603594819,,0.4962936043739319,,0.5089142918586731,0.5839211940765381,0.5087642669677734,3.58
JEPA-Mask50,0.01,0,9,389,3510,7400,,,0.9316666722297668,0.9271772605638325,,0.9084945321083069,,0.1005575954914093,0.10136330127716064,0.1007642149925232,3.48
JEPA-Mask50,0.1,0,9,389,3510,7400,,,0.9311110973358154,0.9264176648400161,,0.9032060503959656,,0.10580871999263763,0.10427242517471313,0.10599881410598755,3.11
JEPA-Mask75,0.01,0,9,389,3510,7400,,,0.8785185217857361,0.8617385397644874,,4.5552191734313965,,-3.511077880859375,-3.982682228088379,-3.508795738220215,3.43
JEPA-Mask75,0.1,0,9,389,3510,7400,,,0.8762962818145752,0.8595543197190108,,4.622054576873779,,-3.577638626098633,-4.09869384765625,-3.5749497413635254,3.06
Bottleneck-4D,0.1,0,4,389,186,2131,0.9331481456756592,0.9301852169825988,0.9357407093048096,0.9329161362562676,0.5817117094993591,0.5676233172416687,0.4340634346008301,0.43741729855537415,0.5073966979980469,0.4381614923477173,1.37
Bottleneck-9D,0.1,0,9,389,306,4196,0.9609259366989136,0.9593754596257161,0.9587036967277527,0.957309351630068,0.45205119252204895,0.43969568610191345,0.5648180246353149,0.5653639435768127,0.6463311314582825,0.564785361289978,1.41
Bottleneck-16D,0.1,0,16,389,714,7327,0.9611111283302307,0.9593938919944709,0.9609259366989136,0.959764222368392,0.35309135913848877,0.34058672189712524,0.661711573600769,0.6638158559799194,0.7702847719192505,0.6628842949867249,1.4
Bottleneck-32D,0.1,0,32,389,1418,14255,0.9609259366989136,0.9593114680107879,0.9605555534362793,0.9594236219303486,0.3329647481441498,0.31802573800086975,0.6819008588790894,0.6862294673919678,0.7936798930168152,0.6852153539657593,1.43
Bottleneck-64D,0.1,0,64,389,2826,28111,0.9609259366989136,0.9592833633881404,0.9605555534362793,0.9593985652302255,0.32452481985092163,0.3093167841434479,0.6902809143066406,0.6948485374450684,0.8057904839515686,0.6938354969024658,1.49
B0_Baseline,0.0,0,9,0,306,306,0.9614814519882202,0.9599625850254208,0.960185170173645,0.9588837645161389,,,,,,,1.02
B0_Baseline,0.0,1,9,0,306,306,0.9614814519882202,0.9599625850254208,0.960185170173645,0.9588837645161389,,,,,,,1.04
B0_Baseline,0.0,2,9,0,306,306,0.9614814519882202,0.9599625850254208,0.960185170173645,0.9588837645161389,,,,,,,1.06
B0_Baseline,0.0,3,9,0,306,306,0.9616666436195374,0.9601659946057429,0.960185170173645,0.9588837645161389,,,,,,,1.06
B0_Baseline,0.0,4,9,0,306,306,0.9616666436195374,0.9601659946057429,0.960185170173645,0.9588837645161389,,,,,,,1.03
R33_Selected,0.01,0,9,33,306,636,0.9611111283302307,0.9596103127471121,0.9607407450675964,0.959445415869997,0.2307944893836975,0.2296873927116394,0.7690111398696899,0.7684282660484314,0.8536527752876282,0.7704492807388306,1.16
R33_Selected,0.01,1,9,33,306,636,0.9612963199615479,0.9598052028583999,0.9605555534362793,0.9592981318461222,0.23108214139938354,0.22963298857212067,0.7687122225761414,0.7684934139251709,0.8534610867500305,0.7705036997795105,1.12
R33_Selected,0.01,2,9,33,306,636,0.9614814519882202,0.9600052559074976,0.960185170173645,0.9588903903746401,0.23053324222564697,0.2292323261499405,0.7692670822143555,0.7688916921615601,0.853687047958374,0.7709041237831116,1.13
R33_Selected,0.01,3,9,33,306,636,0.9616666436195374,0.9601591729015126,0.9603703618049622,0.9590524907855791,0.23146364092826843,0.23026272654533386,0.7683414816856384,0.767848551273346,0.8535668849945068,0.7698743343353271,1.13
R33_Selected,0.01,4,9,33,306,636,0.9614814519882202,0.9599800745801284,0.9605555534362793,0.9592526627910525,0.23283468186855316,0.23157377541065216,0.7669553756713867,0.7665169835090637,0.8522040843963623,0.7685640454292297,1.12
RD_Discarded,0.01,0,9,356,306,3866,0.9616666436195374,0.9601659946057429,0.9599999785423279,0.9586931764184887,0.5128113627433777,0.4980468451976776,0.5060145854949951,0.5076760649681091,0.5741075873374939,0.5074665546417236,1.35
RD_Discarded,0.01,1,9,356,306,3866,0.9618518352508545,0.9603693615280638,0.9599999785423279,0.9586931741516134,0.5124687552452087,0.49771782755851746,0.5063525438308716,0.5080031752586365,0.5750275254249573,0.5077919363975525,1.35
RD_Discarded,0.01,2,9,356,306,3866,0.9616666436195374,0.9601659946057429,0.9599999785423279,0.9586843697157619,0.5129959583282471,0.4982919692993164,0.5058278441429138,0.5074319839477539,0.5737549066543579,0.5072241425514221,1.35
RD_Discarded,0.01,3,9,356,306,3866,0.9618518352508545,0.9603693615280638,0.9598147869110107,0.9584796081693913,0.5128188133239746,0.49805256724357605,0.506005048751831,0.5076684951782227,0.5741269588470459,0.5074609518051147,1.34
RD_Discarded,0.01,4,9,356,306,3866,0.9616666436195374,0.9601659946057429,0.9599999785423279,0.95870697328952,0.5129208564758301,0.4981408715248108,0.5059034824371338,0.5075809955596924,0.573697030544281,0.507373571395874,1.35
R389_FullPool,0.01,0,9,389,306,4196,0.9618518352508545,0.9603693615280638,0.9599999785423279,0.9586982990254397,0.4897973835468292,0.4760039746761322,0.5274069309234619,0.5290802121162415,0.5921075344085693,0.5288465023040771,1.38
R389_FullPool,0.01,1,9,389,306,4196,0.9616666436195374,0.9601659946057429,0.960185170173645,0.9588979515297374,0.48906224966049194,0.47528526186943054,0.5281380414962769,0.5297974944114685,0.5925033092498779,0.5295578837394714,1.38
R389_FullPool,0.01,2,9,389,306,4196,0.9616666436195374,0.9601659946057429,0.9599999785423279,0.9586931741516134,0.48946574330329895,0.47565898299217224,0.5277386903762817,0.5294232368469238,0.5921937227249146,0.5291879773139954,1.41
R389_FullPool,0.01,3,9,389,306,4196,0.9616666436195374,0.9601659946057429,0.9599999785423279,0.9586931741516134,0.48903805017471313,0.4753141403198242,0.5281588435173035,0.5297704935073853,0.5922368764877319,0.529529333114624,1.38
R389_FullPool,0.01,4,9,389,306,4196,0.9618518352508545,0.9603693615280638,0.9599999785423279,0.9586931741516134,0.4895751178264618,0.4758320152759552,0.5276277661323547,0.5292508006095886,0.5922073125839233,0.5290167331695557,1.41
