features,parameters,variant,val_acc,test_acc,test_std
33,306,StandardScaler Baseline,0.9614197611808777,0.9599382678667704,0.0005310008106132597
33,306,Yeo-Johnson (Ours),0.960493822892507,0.9606172839800516,0.0002309745450954961
33,306,Yeo-Johnson + Targeted Swapped,0.9617283741633097,0.9627160628636678,8.730017221556517e-05
32,297,StandardScaler Baseline,0.9593827327092489,0.9599382678667704,0.0002309479952596518
32,297,Yeo-Johnson (Ours),0.9609876672426859,0.9624691406885783,8.730017221556517e-05
32,297,Yeo-Johnson + Targeted Swapped,0.9606790145238241,0.9623456796010336,8.730017221556518e-05
31,288,StandardScaler Baseline,0.9577777981758118,0.9605555534362793,0.0001512083337868717
31,288,Yeo-Johnson (Ours),0.9589506189028422,0.9618518352508545,0.0001512083337868717
29,270,StandardScaler Baseline,0.9583950440088908,0.9593210021654764,0.00017460034443113033
29,270,Yeo-Johnson (Ours),0.9591358105341593,0.9606172839800516,8.730017221556517e-05
