family,count,mean_r2,median_r2,std_r2,min_r2,max_r2
harris,6,0.8432607551415762,0.847848117351532,0.05035190000701673,0.7513142824172974,0.9140363335609436
percentiles,71,0.7972427606582642,0.8384400606155396,0.14323470555805662,0.3218243718147278,0.9315587878227234
gradient,96,0.7392711099237204,0.7962877154350281,0.21367992871786384,0.0204087495803833,0.9597867131233215
moments,38,0.7550516991238845,0.7715469896793365,0.16682377050547026,0.0799022912979126,0.9441345930099487
lbp,6,0.6622629563013712,0.6676713526248932,0.07347198552715445,0.5306179523468018,0.7484754920005798
hough,9,0.6583333545260959,0.6463311314582825,0.05245554592144117,0.5988680720329285,0.7313342094421387
entropy,26,0.5818099264915173,0.6370435357093811,0.18266765804957827,0.019673645496368408,0.7765513062477112
fft_slope,3,0.6373838980992635,0.6115846633911133,0.09100289922009425,0.5410906076431274,0.7594764232635498
coherence,32,0.43104275688529015,0.4594479203224182,0.13734363751293455,0.022158682346343994,0.5998775959014893
correlation,16,0.42408929020166397,0.42924824357032776,0.06018449041540817,0.3283509612083435,0.49808114767074585
blobs,9,0.3211688929133945,0.3013719916343689,0.16717217751057625,0.026430189609527588,0.5468640327453613
fft_peak,13,0.23582709294099075,0.20220637321472168,0.16339039183719117,0.007987499237060547,0.47306740283966064
tail,12,0.17163033783435822,0.14716550707817078,0.10028858582861891,0.06252497434616089,0.4595873951911926
histogram,52,0.05900678840967325,0.05174383521080017,0.037775127770286604,0.0010509490966796875,0.18268489837646484
