features_count,parameters,method,val_accuracy_mean,val_accuracy_std,test_accuracy_mean,test_accuracy_std,mean_r2,features_list
33,306,Baseline,0.9614814519882202,0.0,0.960185170173645,0.0,,lbp_uniform_ndbi;grad_std_nbr;corner_frac_ndvi;grad_std_ndwi;grad_mean_s2_B02;grad_mean_B04;grad_mean_s2_B03;std_s1_nbr;orient_entropy_B12;orient_entropy_B01;grad_std_bsi;p75_B11;p10_B12;corner_mag_ndvi;grad_mean_ndvi;p90_B09;grad_mean_nbr;lbp_uniform_ndvi;grad_mean_B05;std_B05;line_top3_ndvi;p10_B04;p50_B12;orient_entropy_B03;p75_B04;blob_largest_ndvi;corner_frac_pan;grad_mean_ndbi;p75_B01;p10_B07;orient_entropy_s1_B02;mean_B03;tail_aniso_low_ndvi
33,306,R33_Recon,0.9613580306371053,8.727207431655791e-05,0.9606172839800516,8.730017221556518e-05,0.7683893243471781,lbp_uniform_ndbi;grad_std_nbr;corner_frac_ndvi;grad_std_ndwi;grad_mean_s2_B02;grad_mean_B04;grad_mean_s2_B03;std_s1_nbr;orient_entropy_B12;orient_entropy_B01;grad_std_bsi;p75_B11;p10_B12;corner_mag_ndvi;grad_mean_ndvi;p90_B09;grad_mean_nbr;lbp_uniform_ndvi;grad_mean_B05;std_B05;line_top3_ndvi;p10_B04;p50_B12;orient_entropy_B03;p75_B04;blob_largest_ndvi;corner_frac_pan;grad_mean_ndbi;p75_B01;p10_B07;orient_entropy_s1_B02;mean_B03;tail_aniso_low_ndvi
33,306,R389_Recon,0.9617283741633097,8.730017221556517e-05,0.9599999785423279,0.0001512083337868717,0.5296752254168192,lbp_uniform_ndbi;grad_std_nbr;corner_frac_ndvi;grad_std_ndwi;grad_mean_s2_B02;grad_mean_B04;grad_mean_s2_B03;std_s1_nbr;orient_entropy_B12;orient_entropy_B01;grad_std_bsi;p75_B11;p10_B12;corner_mag_ndvi;grad_mean_ndvi;p90_B09;grad_mean_nbr;lbp_uniform_ndvi;grad_mean_B05;std_B05;line_top3_ndvi;p10_B04;p50_B12;orient_entropy_B03;p75_B04;blob_largest_ndvi;corner_frac_pan;grad_mean_ndbi;p75_B01;p10_B07;orient_entropy_s1_B02;mean_B03;tail_aniso_low_ndvi
33,306,R389_Nonlinear,0.9616666436195374,0.0001512083337868717,0.9603703618049622,0.0,0.6040616830190023,lbp_uniform_ndbi;grad_std_nbr;corner_frac_ndvi;grad_std_ndwi;grad_mean_s2_B02;grad_mean_B04;grad_mean_s2_B03;std_s1_nbr;orient_entropy_B12;orient_entropy_B01;grad_std_bsi;p75_B11;p10_B12;corner_mag_ndvi;grad_mean_ndvi;p90_B09;grad_mean_nbr;lbp_uniform_ndvi;grad_mean_B05;std_B05;line_top3_ndvi;p10_B04;p50_B12;orient_entropy_B03;p75_B04;blob_largest_ndvi;corner_frac_pan;grad_mean_ndbi;p75_B01;p10_B07;orient_entropy_s1_B02;mean_B03;tail_aniso_low_ndvi
32,297,Baseline,0.9617283741633097,8.730017221556517e-05,0.9588888883590698,0.0,,lbp_uniform_ndbi;grad_std_nbr;corner_frac_ndvi;grad_std_ndwi;grad_mean_s2_B02;grad_mean_B04;grad_mean_s2_B03;std_s1_nbr;orient_entropy_B12;orient_entropy_B01;grad_std_bsi;p75_B11;p10_B12;corner_mag_ndvi;p90_B09;grad_mean_nbr;lbp_uniform_ndvi;grad_mean_B05;std_B05;line_top3_ndvi;p10_B04;p50_B12;orient_entropy_B03;p75_B04;blob_largest_ndvi;corner_frac_pan;grad_mean_ndbi;p75_B01;p10_B07;orient_entropy_s1_B02;mean_B03;tail_aniso_low_ndvi
32,297,R33_Recon,0.9606172839800516,8.730017221556518e-05,0.9590123494466146,0.0002309745450954961,0.7693535288174947,lbp_uniform_ndbi;grad_std_nbr;corner_frac_ndvi;grad_std_ndwi;grad_mean_s2_B02;grad_mean_B04;grad_mean_s2_B03;std_s1_nbr;orient_entropy_B12;orient_entropy_B01;grad_std_bsi;p75_B11;p10_B12;corner_mag_ndvi;p90_B09;grad_mean_nbr;lbp_uniform_ndvi;grad_mean_B05;std_B05;line_top3_ndvi;p10_B04;p50_B12;orient_entropy_B03;p75_B04;blob_largest_ndvi;corner_frac_pan;grad_mean_ndbi;p75_B01;p10_B07;orient_entropy_s1_B02;mean_B03;tail_aniso_low_ndvi
32,297,R389_Recon,0.961604913075765,8.730017221556518e-05,0.9588888883590698,0.0,0.5308241446812948,lbp_uniform_ndbi;grad_std_nbr;corner_frac_ndvi;grad_std_ndwi;grad_mean_s2_B02;grad_mean_B04;grad_mean_s2_B03;std_s1_nbr;orient_entropy_B12;orient_entropy_B01;grad_std_bsi;p75_B11;p10_B12;corner_mag_ndvi;p90_B09;grad_mean_nbr;lbp_uniform_ndvi;grad_mean_B05;std_B05;line_top3_ndvi;p10_B04;p50_B12;orient_entropy_B03;p75_B04;blob_largest_ndvi;corner_frac_pan;grad_mean_ndbi;p75_B01;p10_B07;orient_entropy_s1_B02;mean_B03;tail_aniso_low_ndvi
32,297,R389_Nonlinear,0.9611111283302307,0.0001512083337868717,0.9588271578152975,8.730017221556518e-05,0.6040420134862264,lbp_uniform_ndbi;grad_std_nbr;corner_frac_ndvi;grad_std_ndwi;grad_mean_s2_B02;grad_mean_B04;grad_mean_s2_B03;std_s1_nbr;orient_entropy_B12;orient_entropy_B01;grad_std_bsi;p75_B11;p10_B12;corner_mag_ndvi;p90_B09;grad_mean_nbr;lbp_uniform_ndvi;grad_mean_B05;std_B05;line_top3_ndvi;p10_B04;p50_B12;orient_entropy_B03;p75_B04;blob_largest_ndvi;corner_frac_pan;grad_mean_ndbi;p75_B01;p10_B07;orient_entropy_s1_B02;mean_B03;tail_aniso_low_ndvi
31,288,Baseline,0.9611111283302307,0.0,0.9568518400192261,0.0,,lbp_uniform_ndbi;corner_frac_ndvi;grad_std_ndwi;grad_mean_s2_B02;grad_mean_B04;grad_mean_s2_B03;std_s1_nbr;orient_entropy_B12;orient_entropy_B01;grad_std_bsi;p75_B11;p10_B12;corner_mag_ndvi;p90_B09;grad_mean_nbr;lbp_uniform_ndvi;grad_mean_B05;std_B05;line_top3_ndvi;p10_B04;p50_B12;orient_entropy_B03;p75_B04;blob_largest_ndvi;corner_frac_pan;grad_mean_ndbi;p75_B01;p10_B07;orient_entropy_s1_B02;mean_B03;tail_aniso_low_ndvi
31,288,R33_Recon,0.9604320923487345,0.00017460034443113033,0.9570987621943156,8.730017221556518e-05,0.7678941686948141,lbp_uniform_ndbi;corner_frac_ndvi;grad_std_ndwi;grad_mean_s2_B02;grad_mean_B04;grad_mean_s2_B03;std_s1_nbr;orient_entropy_B12;orient_entropy_B01;grad_std_bsi;p75_B11;p10_B12;corner_mag_ndvi;p90_B09;grad_mean_nbr;lbp_uniform_ndvi;grad_mean_B05;std_B05;line_top3_ndvi;p10_B04;p50_B12;orient_entropy_B03;p75_B04;blob_largest_ndvi;corner_frac_pan;grad_mean_ndbi;p75_B01;p10_B07;orient_entropy_s1_B02;mean_B03;tail_aniso_low_ndvi
31,288,R389_Recon,0.9608642061551412,8.730017221556518e-05,0.9568518400192261,0.0,0.5301411350568136,lbp_uniform_ndbi;corner_frac_ndvi;grad_std_ndwi;grad_mean_s2_B02;grad_mean_B04;grad_mean_s2_B03;std_s1_nbr;orient_entropy_B12;orient_entropy_B01;grad_std_bsi;p75_B11;p10_B12;corner_mag_ndvi;p90_B09;grad_mean_nbr;lbp_uniform_ndvi;grad_mean_B05;std_B05;line_top3_ndvi;p10_B04;p50_B12;orient_entropy_B03;p75_B04;blob_largest_ndvi;corner_frac_pan;grad_mean_ndbi;p75_B01;p10_B07;orient_entropy_s1_B02;mean_B03;tail_aniso_low_ndvi
31,288,R389_Nonlinear,0.9609259366989136,0.0001512083337868717,0.9568518400192261,0.0001512083337868717,0.6061515013376871,lbp_uniform_ndbi;corner_frac_ndvi;grad_std_ndwi;grad_mean_s2_B02;grad_mean_B04;grad_mean_s2_B03;std_s1_nbr;orient_entropy_B12;orient_entropy_B01;grad_std_bsi;p75_B11;p10_B12;corner_mag_ndvi;p90_B09;grad_mean_nbr;lbp_uniform_ndvi;grad_mean_B05;std_B05;line_top3_ndvi;p10_B04;p50_B12;orient_entropy_B03;p75_B04;blob_largest_ndvi;corner_frac_pan;grad_mean_ndbi;p75_B01;p10_B07;orient_entropy_s1_B02;mean_B03;tail_aniso_low_ndvi
30,279,Baseline,0.9612963199615479,0.0,0.9561111330986023,0.0,,lbp_uniform_ndbi;corner_frac_ndvi;grad_std_ndwi;grad_mean_s2_B02;grad_mean_B04;grad_mean_s2_B03;std_s1_nbr;orient_entropy_B12;orient_entropy_B01;grad_std_bsi;p75_B11;p10_B12;corner_mag_ndvi;p90_B09;grad_mean_nbr;lbp_uniform_ndvi;grad_mean_B05;std_B05;line_top3_ndvi;p10_B04;p50_B12;orient_entropy_B03;p75_B04;blob_largest_ndvi;corner_frac_pan;p75_B01;p10_B07;orient_entropy_s1_B02;mean_B03;tail_aniso_low_ndvi
30,279,R33_Recon,0.9592592716217041,0.0001512083337868717,0.9565431873003641,0.00023097454509549609,0.7735460003217062,lbp_uniform_ndbi;corner_frac_ndvi;grad_std_ndwi;grad_mean_s2_B02;grad_mean_B04;grad_mean_s2_B03;std_s1_nbr;orient_entropy_B12;orient_entropy_B01;grad_std_bsi;p75_B11;p10_B12;corner_mag_ndvi;p90_B09;grad_mean_nbr;lbp_uniform_ndvi;grad_mean_B05;std_B05;line_top3_ndvi;p10_B04;p50_B12;orient_entropy_B03;p75_B04;blob_largest_ndvi;corner_frac_pan;p75_B01;p10_B07;orient_entropy_s1_B02;mean_B03;tail_aniso_low_ndvi
30,279,R389_Recon,0.9610493977864584,8.730017221556518e-05,0.9559259414672852,0.0001512083337868717,0.5318158467610677,lbp_uniform_ndbi;corner_frac_ndvi;grad_std_ndwi;grad_mean_s2_B02;grad_mean_B04;grad_mean_s2_B03;std_s1_nbr;orient_entropy_B12;orient_entropy_B01;grad_std_bsi;p75_B11;p10_B12;corner_mag_ndvi;p90_B09;grad_mean_nbr;lbp_uniform_ndvi;grad_mean_B05;std_B05;line_top3_ndvi;p10_B04;p50_B12;orient_entropy_B03;p75_B04;blob_largest_ndvi;corner_frac_pan;p75_B01;p10_B07;orient_entropy_s1_B02;mean_B03;tail_aniso_low_ndvi
30,279,R389_Nonlinear,0.9605555534362793,0.0,0.9562345544497172,8.727207431655791e-05,0.6074215571085612,lbp_uniform_ndbi;corner_frac_ndvi;grad_std_ndwi;grad_mean_s2_B02;grad_mean_B04;grad_mean_s2_B03;std_s1_nbr;orient_entropy_B12;orient_entropy_B01;grad_std_bsi;p75_B11;p10_B12;corner_mag_ndvi;p90_B09;grad_mean_nbr;lbp_uniform_ndvi;grad_mean_B05;std_B05;line_top3_ndvi;p10_B04;p50_B12;orient_entropy_B03;p75_B04;blob_largest_ndvi;corner_frac_pan;p75_B01;p10_B07;orient_entropy_s1_B02;mean_B03;tail_aniso_low_ndvi
29,270,Baseline,0.9596296548843384,0.0,0.9561111330986023,0.0,,lbp_uniform_ndbi;corner_frac_ndvi;grad_std_ndwi;grad_mean_s2_B02;grad_mean_B04;grad_mean_s2_B03;std_s1_nbr;orient_entropy_B12;grad_std_bsi;p75_B11;p10_B12;corner_mag_ndvi;p90_B09;grad_mean_nbr;lbp_uniform_ndvi;grad_mean_B05;std_B05;line_top3_ndvi;p10_B04;p50_B12;orient_entropy_B03;p75_B04;blob_largest_ndvi;corner_frac_pan;p75_B01;p10_B07;orient_entropy_s1_B02;mean_B03;tail_aniso_low_ndvi
29,270,R33_Recon,0.9586419661839803,8.730017221556518e-05,0.9564814567565918,0.0001512083337868717,0.7689468264579773,lbp_uniform_ndbi;corner_frac_ndvi;grad_std_ndwi;grad_mean_s2_B02;grad_mean_B04;grad_mean_s2_B03;std_s1_nbr;orient_entropy_B12;grad_std_bsi;p75_B11;p10_B12;corner_mag_ndvi;p90_B09;grad_mean_nbr;lbp_uniform_ndvi;grad_mean_B05;std_B05;line_top3_ndvi;p10_B04;p50_B12;orient_entropy_B03;p75_B04;blob_largest_ndvi;corner_frac_pan;p75_B01;p10_B07;orient_entropy_s1_B02;mean_B03;tail_aniso_low_ndvi
29,270,R389_Recon,0.9596296548843384,0.0,0.9562345544497172,8.727207431655791e-05,0.5316020250320435,lbp_uniform_ndbi;corner_frac_ndvi;grad_std_ndwi;grad_mean_s2_B02;grad_mean_B04;grad_mean_s2_B03;std_s1_nbr;orient_entropy_B12;grad_std_bsi;p75_B11;p10_B12;corner_mag_ndvi;p90_B09;grad_mean_nbr;lbp_uniform_ndvi;grad_mean_B05;std_B05;line_top3_ndvi;p10_B04;p50_B12;orient_entropy_B03;p75_B04;blob_largest_ndvi;corner_frac_pan;p75_B01;p10_B07;orient_entropy_s1_B02;mean_B03;tail_aniso_low_ndvi
29,270,R389_Nonlinear,0.9596296548843384,0.0,0.9561111132303873,0.00015118400094529596,0.6069601774215698,lbp_uniform_ndbi;corner_frac_ndvi;grad_std_ndwi;grad_mean_s2_B02;grad_mean_B04;grad_mean_s2_B03;std_s1_nbr;orient_entropy_B12;grad_std_bsi;p75_B11;p10_B12;corner_mag_ndvi;p90_B09;grad_mean_nbr;lbp_uniform_ndvi;grad_mean_B05;std_B05;line_top3_ndvi;p10_B04;p50_B12;orient_entropy_B03;p75_B04;blob_largest_ndvi;corner_frac_pan;p75_B01;p10_B07;orient_entropy_s1_B02;mean_B03;tail_aniso_low_ndvi
28,261,Baseline,0.958765427271525,8.730017221556518e-05,0.9545061786969503,8.727207431655791e-05,,lbp_uniform_ndbi;corner_frac_ndvi;grad_std_ndwi;grad_mean_s2_B02;grad_mean_B04;grad_mean_s2_B03;std_s1_nbr;grad_std_bsi;p75_B11;p10_B12;corner_mag_ndvi;p90_B09;grad_mean_nbr;lbp_uniform_ndvi;grad_mean_B05;std_B05;line_top3_ndvi;p10_B04;p50_B12;orient_entropy_B03;p75_B04;blob_largest_ndvi;corner_frac_pan;p75_B01;p10_B07;orient_entropy_s1_B02;mean_B03;tail_aniso_low_ndvi
28,261,R33_Recon,0.9587036967277527,0.0001512083337868717,0.9552469054857889,0.0002309745450954961,0.7637032071749369,lbp_uniform_ndbi;corner_frac_ndvi;grad_std_ndwi;grad_mean_s2_B02;grad_mean_B04;grad_mean_s2_B03;std_s1_nbr;grad_std_bsi;p75_B11;p10_B12;corner_mag_ndvi;p90_B09;grad_mean_nbr;lbp_uniform_ndvi;grad_mean_B05;std_B05;line_top3_ndvi;p10_B04;p50_B12;orient_entropy_B03;p75_B04;blob_largest_ndvi;corner_frac_pan;p75_B01;p10_B07;orient_entropy_s1_B02;mean_B03;tail_aniso_low_ndvi
28,261,R389_Recon,0.959074079990387,0.0,0.9542592763900757,0.0,0.5250134865442911,lbp_uniform_ndbi;corner_frac_ndvi;grad_std_ndwi;grad_mean_s2_B02;grad_mean_B04;grad_mean_s2_B03;std_s1_nbr;grad_std_bsi;p75_B11;p10_B12;corner_mag_ndvi;p90_B09;grad_mean_nbr;lbp_uniform_ndvi;grad_mean_B05;std_B05;line_top3_ndvi;p10_B04;p50_B12;orient_entropy_B03;p75_B04;blob_largest_ndvi;corner_frac_pan;p75_B01;p10_B07;orient_entropy_s1_B02;mean_B03;tail_aniso_low_ndvi
28,261,R389_Nonlinear,0.9588271578152975,8.730017221556518e-05,0.9544444680213928,0.0,0.6049018899599711,lbp_uniform_ndbi;corner_frac_ndvi;grad_std_ndwi;grad_mean_s2_B02;grad_mean_B04;grad_mean_s2_B03;std_s1_nbr;grad_std_bsi;p75_B11;p10_B12;corner_mag_ndvi;p90_B09;grad_mean_nbr;lbp_uniform_ndvi;grad_mean_B05;std_B05;line_top3_ndvi;p10_B04;p50_B12;orient_entropy_B03;p75_B04;blob_largest_ndvi;corner_frac_pan;p75_B01;p10_B07;orient_entropy_s1_B02;mean_B03;tail_aniso_low_ndvi
27,252,Baseline,0.9583333134651184,0.0,0.9562345544497172,8.727207431655791e-05,,lbp_uniform_ndbi;corner_frac_ndvi;grad_std_ndwi;grad_mean_s2_B02;grad_mean_B04;grad_mean_s2_B03;std_s1_nbr;grad_std_bsi;p75_B11;p10_B12;corner_mag_ndvi;p90_B09;grad_mean_nbr;lbp_uniform_ndvi;grad_mean_B05;std_B05;line_top3_ndvi;p10_B04;p50_B12;orient_entropy_B03;blob_largest_ndvi;corner_frac_pan;p75_B01;p10_B07;orient_entropy_s1_B02;mean_B03;tail_aniso_low_ndvi
27,252,R33_Recon,0.957654337088267,0.0002309745450954961,0.9561111330986023,0.0,0.7641666531562805,lbp_uniform_ndbi;corner_frac_ndvi;grad_std_ndwi;grad_mean_s2_B02;grad_mean_B04;grad_mean_s2_B03;std_s1_nbr;grad_std_bsi;p75_B11;p10_B12;corner_mag_ndvi;p90_B09;grad_mean_nbr;lbp_uniform_ndvi;grad_mean_B05;std_B05;line_top3_ndvi;p10_B04;p50_B12;orient_entropy_B03;blob_largest_ndvi;corner_frac_pan;p75_B01;p10_B07;orient_entropy_s1_B02;mean_B03;tail_aniso_low_ndvi
27,252,R389_Recon,0.9586419661839803,8.730017221556517e-05,0.9562962651252747,0.0,0.5238280495007833,lbp_uniform_ndbi;corner_frac_ndvi;grad_std_ndwi;grad_mean_s2_B02;grad_mean_B04;grad_mean_s2_B03;std_s1_nbr;grad_std_bsi;p75_B11;p10_B12;corner_mag_ndvi;p90_B09;grad_mean_nbr;lbp_uniform_ndvi;grad_mean_B05;std_B05;line_top3_ndvi;p10_B04;p50_B12;orient_entropy_B03;blob_largest_ndvi;corner_frac_pan;p75_B01;p10_B07;orient_entropy_s1_B02;mean_B03;tail_aniso_low_ndvi
27,252,R389_Nonlinear,0.9585802356402079,8.730017221556518e-05,0.956357995669047,8.730017221556518e-05,0.6064573725064596,lbp_uniform_ndbi;corner_frac_ndvi;grad_std_ndwi;grad_mean_s2_B02;grad_mean_B04;grad_mean_s2_B03;std_s1_nbr;grad_std_bsi;p75_B11;p10_B12;corner_mag_ndvi;p90_B09;grad_mean_nbr;lbp_uniform_ndvi;grad_mean_B05;std_B05;line_top3_ndvi;p10_B04;p50_B12;orient_entropy_B03;blob_largest_ndvi;corner_frac_pan;p75_B01;p10_B07;orient_entropy_s1_B02;mean_B03;tail_aniso_low_ndvi
26,243,Baseline,0.9574691454569498,8.730017221556518e-05,0.9525926113128662,0.0,,lbp_uniform_ndbi;corner_frac_ndvi;grad_std_ndwi;grad_mean_s2_B02;grad_mean_B04;grad_mean_s2_B03;std_s1_nbr;grad_std_bsi;p75_B11;p10_B12;p90_B09;grad_mean_nbr;lbp_uniform_ndvi;grad_mean_B05;std_B05;line_top3_ndvi;p10_B04;p50_B12;orient_entropy_B03;blob_largest_ndvi;corner_frac_pan;p75_B01;p10_B07;orient_entropy_s1_B02;mean_B03;tail_aniso_low_ndvi
26,243,R33_Recon,0.9569135705629984,0.00017460034443113033,0.9526543021202087,0.00043647276317881857,0.7665437459945679,lbp_uniform_ndbi;corner_frac_ndvi;grad_std_ndwi;grad_mean_s2_B02;grad_mean_B04;grad_mean_s2_B03;std_s1_nbr;grad_std_bsi;p75_B11;p10_B12;p90_B09;grad_mean_nbr;lbp_uniform_ndvi;grad_mean_B05;std_B05;line_top3_ndvi;p10_B04;p50_B12;orient_entropy_B03;blob_largest_ndvi;corner_frac_pan;p75_B01;p10_B07;orient_entropy_s1_B02;mean_B03;tail_aniso_low_ndvi
26,243,R389_Recon,0.9574074149131775,0.0,0.952716072400411,8.730017221556518e-05,0.5272685289382935,lbp_uniform_ndbi;corner_frac_ndvi;grad_std_ndwi;grad_mean_s2_B02;grad_mean_B04;grad_mean_s2_B03;std_s1_nbr;grad_std_bsi;p75_B11;p10_B12;p90_B09;grad_mean_nbr;lbp_uniform_ndvi;grad_mean_B05;std_B05;line_top3_ndvi;p10_B04;p50_B12;orient_entropy_B03;blob_largest_ndvi;corner_frac_pan;p75_B01;p10_B07;orient_entropy_s1_B02;mean_B03;tail_aniso_low_ndvi
26,243,R389_Nonlinear,0.9575926065444946,0.0,0.952716072400411,8.730017221556518e-05,0.6077799797058105,lbp_uniform_ndbi;corner_frac_ndvi;grad_std_ndwi;grad_mean_s2_B02;grad_mean_B04;grad_mean_s2_B03;std_s1_nbr;grad_std_bsi;p75_B11;p10_B12;p90_B09;grad_mean_nbr;lbp_uniform_ndvi;grad_mean_B05;std_B05;line_top3_ndvi;p10_B04;p50_B12;orient_entropy_B03;blob_largest_ndvi;corner_frac_pan;p75_B01;p10_B07;orient_entropy_s1_B02;mean_B03;tail_aniso_low_ndvi
25,234,Baseline,0.9561728437741598,8.727207431655791e-05,0.9532715876897176,8.730017221556518e-05,,lbp_uniform_ndbi;corner_frac_ndvi;grad_std_ndwi;grad_mean_s2_B02;grad_mean_B04;grad_mean_s2_B03;std_s1_nbr;grad_std_bsi;p75_B11;p10_B12;p90_B09;grad_mean_nbr;lbp_uniform_ndvi;grad_mean_B05;std_B05;line_top3_ndvi;p10_B04;p50_B12;orient_entropy_B03;blob_largest_ndvi;p75_B01;p10_B07;orient_entropy_s1_B02;mean_B03;tail_aniso_low_ndvi
25,234,R33_Recon,0.9558641910552979,0.0003147379720097524,0.9535802404085795,8.730017221556517e-05,0.7653840978940328,lbp_uniform_ndbi;corner_frac_ndvi;grad_std_ndwi;grad_mean_s2_B02;grad_mean_B04;grad_mean_s2_B03;std_s1_nbr;grad_std_bsi;p75_B11;p10_B12;p90_B09;grad_mean_nbr;lbp_uniform_ndvi;grad_mean_B05;std_B05;line_top3_ndvi;p10_B04;p50_B12;orient_entropy_B03;blob_largest_ndvi;p75_B01;p10_B07;orient_entropy_s1_B02;mean_B03;tail_aniso_low_ndvi
25,234,R389_Recon,0.9562345544497172,8.727207431655791e-05,0.9529012242952982,8.727207431655791e-05,0.525497317314148,lbp_uniform_ndbi;corner_frac_ndvi;grad_std_ndwi;grad_mean_s2_B02;grad_mean_B04;grad_mean_s2_B03;std_s1_nbr;grad_std_bsi;p75_B11;p10_B12;p90_B09;grad_mean_nbr;lbp_uniform_ndvi;grad_mean_B05;std_B05;line_top3_ndvi;p10_B04;p50_B12;orient_entropy_B03;blob_largest_ndvi;p75_B01;p10_B07;orient_entropy_s1_B02;mean_B03;tail_aniso_low_ndvi
25,234,R389_Nonlinear,0.956049382686615,0.00017457224653212307,0.9531481266021729,0.0,0.6060694058736166,lbp_uniform_ndbi;corner_frac_ndvi;grad_std_ndwi;grad_mean_s2_B02;grad_mean_B04;grad_mean_s2_B03;std_s1_nbr;grad_std_bsi;p75_B11;p10_B12;p90_B09;grad_mean_nbr;lbp_uniform_ndvi;grad_mean_B05;std_B05;line_top3_ndvi;p10_B04;p50_B12;orient_entropy_B03;blob_largest_ndvi;p75_B01;p10_B07;orient_entropy_s1_B02;mean_B03;tail_aniso_low_ndvi
24,225,Baseline,0.9542592763900757,0.0,0.9508024851481119,8.730017221556518e-05,,lbp_uniform_ndbi;corner_frac_ndvi;grad_std_ndwi;grad_mean_s2_B02;grad_mean_B04;std_s1_nbr;grad_std_bsi;p75_B11;p10_B12;p90_B09;grad_mean_nbr;lbp_uniform_ndvi;grad_mean_B05;std_B05;line_top3_ndvi;p10_B04;p50_B12;orient_entropy_B03;blob_largest_ndvi;p75_B01;p10_B07;orient_entropy_s1_B02;mean_B03;tail_aniso_low_ndvi
24,225,R33_Recon,0.9537654320398966,8.730017221556518e-05,0.9510493874549866,0.00023095330581282954,0.7704076170921326,lbp_uniform_ndbi;corner_frac_ndvi;grad_std_ndwi;grad_mean_s2_B02;grad_mean_B04;std_s1_nbr;grad_std_bsi;p75_B11;p10_B12;p90_B09;grad_mean_nbr;lbp_uniform_ndvi;grad_mean_B05;std_B05;line_top3_ndvi;p10_B04;p50_B12;orient_entropy_B03;blob_largest_ndvi;p75_B01;p10_B07;orient_entropy_s1_B02;mean_B03;tail_aniso_low_ndvi
24,225,R389_Recon,0.9545061786969503,8.727207431655791e-05,0.9509259462356567,0.0,0.5279240210851034,lbp_uniform_ndbi;corner_frac_ndvi;grad_std_ndwi;grad_mean_s2_B02;grad_mean_B04;std_s1_nbr;grad_std_bsi;p75_B11;p10_B12;p90_B09;grad_mean_nbr;lbp_uniform_ndvi;grad_mean_B05;std_B05;line_top3_ndvi;p10_B04;p50_B12;orient_entropy_B03;blob_largest_ndvi;p75_B01;p10_B07;orient_entropy_s1_B02;mean_B03;tail_aniso_low_ndvi
24,225,R389_Nonlinear,0.9540123542149862,8.730017221556517e-05,0.9507407546043396,0.0,0.6108096440633138,lbp_uniform_ndbi;corner_frac_ndvi;grad_std_ndwi;grad_mean_s2_B02;grad_mean_B04;std_s1_nbr;grad_std_bsi;p75_B11;p10_B12;p90_B09;grad_mean_nbr;lbp_uniform_ndvi;grad_mean_B05;std_B05;line_top3_ndvi;p10_B04;p50_B12;orient_entropy_B03;blob_largest_ndvi;p75_B01;p10_B07;orient_entropy_s1_B02;mean_B03;tail_aniso_low_ndvi
23,216,Baseline,0.9525308807690939,8.730017221556518e-05,0.9505555629730225,0.0,,lbp_uniform_ndbi;corner_frac_ndvi;grad_std_ndwi;grad_mean_s2_B02;grad_mean_B04;std_s1_nbr;grad_std_bsi;p75_B11;p10_B12;p90_B09;grad_mean_nbr;lbp_uniform_ndvi;grad_mean_B05;std_B05;line_top3_ndvi;p50_B12;orient_entropy_B03;blob_largest_ndvi;p75_B01;p10_B07;orient_entropy_s1_B02;mean_B03;tail_aniso_low_ndvi
23,216,R33_Recon,0.9524074196815491,0.0,0.9512962897618612,0.00026187241874768823,0.7720827460289001,lbp_uniform_ndbi;corner_frac_ndvi;grad_std_ndwi;grad_mean_s2_B02;grad_mean_B04;std_s1_nbr;grad_std_bsi;p75_B11;p10_B12;p90_B09;grad_mean_nbr;lbp_uniform_ndvi;grad_mean_B05;std_B05;line_top3_ndvi;p50_B12;orient_entropy_B03;blob_largest_ndvi;p75_B01;p10_B07;orient_entropy_s1_B02;mean_B03;tail_aniso_low_ndvi
23,216,R389_Recon,0.9525308807690939,8.730017221556518e-05,0.9507407546043396,0.0,0.5278855363527933,lbp_uniform_ndbi;corner_frac_ndvi;grad_std_ndwi;grad_mean_s2_B02;grad_mean_B04;std_s1_nbr;grad_std_bsi;p75_B11;p10_B12;p90_B09;grad_mean_nbr;lbp_uniform_ndvi;grad_mean_B05;std_B05;line_top3_ndvi;p50_B12;orient_entropy_B03;blob_largest_ndvi;p75_B01;p10_B07;orient_entropy_s1_B02;mean_B03;tail_aniso_low_ndvi
23,216,R389_Nonlinear,0.9525308807690939,8.730017221556518e-05,0.9505555629730225,0.0,0.6117671529452006,lbp_uniform_ndbi;corner_frac_ndvi;grad_std_ndwi;grad_mean_s2_B02;grad_mean_B04;std_s1_nbr;grad_std_bsi;p75_B11;p10_B12;p90_B09;grad_mean_nbr;lbp_uniform_ndvi;grad_mean_B05;std_B05;line_top3_ndvi;p50_B12;orient_entropy_B03;blob_largest_ndvi;p75_B01;p10_B07;orient_entropy_s1_B02;mean_B03;tail_aniso_low_ndvi
22,207,Baseline,0.9516666531562805,0.0,0.9505555629730225,0.0,,lbp_uniform_ndbi;corner_frac_ndvi;grad_std_ndwi;grad_mean_s2_B02;grad_mean_B04;grad_std_bsi;p75_B11;p10_B12;p90_B09;grad_mean_nbr;lbp_uniform_ndvi;grad_mean_B05;std_B05;line_top3_ndvi;p50_B12;orient_entropy_B03;blob_largest_ndvi;p75_B01;p10_B07;orient_entropy_s1_B02;mean_B03;tail_aniso_low_ndvi
22,207,R33_Recon,0.9513580004374186,8.730017221556518e-05,0.9506790240605673,0.0002309745450954961,0.7742237448692322,lbp_uniform_ndbi;corner_frac_ndvi;grad_std_ndwi;grad_mean_s2_B02;grad_mean_B04;grad_std_bsi;p75_B11;p10_B12;p90_B09;grad_mean_nbr;lbp_uniform_ndvi;grad_mean_B05;std_B05;line_top3_ndvi;p50_B12;orient_entropy_B03;blob_largest_ndvi;p75_B01;p10_B07;orient_entropy_s1_B02;mean_B03;tail_aniso_low_ndvi
22,207,R389_Recon,0.9517901142438253,8.730017221556517e-05,0.9504938324292501,8.730017221556517e-05,0.529768168926239,lbp_uniform_ndbi;corner_frac_ndvi;grad_std_ndwi;grad_mean_s2_B02;grad_mean_B04;grad_std_bsi;p75_B11;p10_B12;p90_B09;grad_mean_nbr;lbp_uniform_ndvi;grad_mean_B05;std_B05;line_top3_ndvi;p50_B12;orient_entropy_B03;blob_largest_ndvi;p75_B01;p10_B07;orient_entropy_s1_B02;mean_B03;tail_aniso_low_ndvi
22,207,R389_Nonlinear,0.9515431920687357,8.730017221556518e-05,0.9508642156918844,8.730017221556518e-05,0.6140804688135783,lbp_uniform_ndbi;corner_frac_ndvi;grad_std_ndwi;grad_mean_s2_B02;grad_mean_B04;grad_std_bsi;p75_B11;p10_B12;p90_B09;grad_mean_nbr;lbp_uniform_ndvi;grad_mean_B05;std_B05;line_top3_ndvi;p50_B12;orient_entropy_B03;blob_largest_ndvi;p75_B01;p10_B07;orient_entropy_s1_B02;mean_B03;tail_aniso_low_ndvi
21,198,Baseline,0.9497530659039816,0.00017460034443113033,0.9474074244499207,0.0001512083337868717,,lbp_uniform_ndbi;corner_frac_ndvi;grad_std_ndwi;grad_mean_s2_B02;grad_mean_B04;grad_std_bsi;p75_B11;p10_B12;p90_B09;grad_mean_nbr;lbp_uniform_ndvi;grad_mean_B05;std_B05;line_top3_ndvi;p50_B12;orient_entropy_B03;blob_largest_ndvi;p10_B07;orient_entropy_s1_B02;mean_B03;tail_aniso_low_ndvi
21,198,R33_Recon,0.9503703713417053,0.0,0.9470370411872864,0.0001512083337868717,0.7818019191424052,lbp_uniform_ndbi;corner_frac_ndvi;grad_std_ndwi;grad_mean_s2_B02;grad_mean_B04;grad_std_bsi;p75_B11;p10_B12;p90_B09;grad_mean_nbr;lbp_uniform_ndvi;grad_mean_B05;std_B05;line_top3_ndvi;p50_B12;orient_entropy_B03;blob_largest_ndvi;p10_B07;orient_entropy_s1_B02;mean_B03;tail_aniso_low_ndvi
21,198,R389_Recon,0.9496296048164368,0.0,0.9472222328186035,0.0,0.5317820906639099,lbp_uniform_ndbi;corner_frac_ndvi;grad_std_ndwi;grad_mean_s2_B02;grad_mean_B04;grad_std_bsi;p75_B11;p10_B12;p90_B09;grad_mean_nbr;lbp_uniform_ndvi;grad_mean_B05;std_B05;line_top3_ndvi;p50_B12;orient_entropy_B03;blob_largest_ndvi;p10_B07;orient_entropy_s1_B02;mean_B03;tail_aniso_low_ndvi
21,198,R389_Nonlinear,0.949999988079071,0.0,0.9468518495559692,0.0,0.6108840107917786,lbp_uniform_ndbi;corner_frac_ndvi;grad_std_ndwi;grad_mean_s2_B02;grad_mean_B04;grad_std_bsi;p75_B11;p10_B12;p90_B09;grad_mean_nbr;lbp_uniform_ndvi;grad_mean_B05;std_B05;line_top3_ndvi;p50_B12;orient_entropy_B03;blob_largest_ndvi;p10_B07;orient_entropy_s1_B02;mean_B03;tail_aniso_low_ndvi
20,189,Baseline,0.9490740895271301,0.0001512083337868717,0.9456172982851664,8.730017221556518e-05,,lbp_uniform_ndbi;corner_frac_ndvi;grad_std_ndwi;grad_mean_s2_B02;grad_mean_B04;grad_std_bsi;p75_B11;p10_B12;p90_B09;grad_mean_nbr;lbp_uniform_ndvi;grad_mean_B05;std_B05;line_top3_ndvi;p50_B12;orient_entropy_B03;blob_largest_ndvi;p10_B07;orient_entropy_s1_B02;tail_aniso_low_ndvi
20,189,R33_Recon,0.9484567840894064,8.730017221556518e-05,0.9452469150225321,0.00017460034443113033,0.765703817208608,lbp_uniform_ndbi;corner_frac_ndvi;grad_std_ndwi;grad_mean_s2_B02;grad_mean_B04;grad_std_bsi;p75_B11;p10_B12;p90_B09;grad_mean_nbr;lbp_uniform_ndvi;grad_mean_B05;std_B05;line_top3_ndvi;p50_B12;orient_entropy_B03;blob_largest_ndvi;p10_B07;orient_entropy_s1_B02;tail_aniso_low_ndvi
20,189,R389_Recon,0.9492592612902323,0.00015118400094529596,0.9459259510040283,0.0,0.5260883967081705,lbp_uniform_ndbi;corner_frac_ndvi;grad_std_ndwi;grad_mean_s2_B02;grad_mean_B04;grad_std_bsi;p75_B11;p10_B12;p90_B09;grad_mean_nbr;lbp_uniform_ndvi;grad_mean_B05;std_B05;line_top3_ndvi;p50_B12;orient_entropy_B03;blob_largest_ndvi;p10_B07;orient_entropy_s1_B02;tail_aniso_low_ndvi
20,189,R389_Nonlinear,0.9492592612902323,0.00015118400094529596,0.946172813574473,8.730017221556518e-05,0.6064444780349731,lbp_uniform_ndbi;corner_frac_ndvi;grad_std_ndwi;grad_mean_s2_B02;grad_mean_B04;grad_std_bsi;p75_B11;p10_B12;p90_B09;grad_mean_nbr;lbp_uniform_ndvi;grad_mean_B05;std_B05;line_top3_ndvi;p50_B12;orient_entropy_B03;blob_largest_ndvi;p10_B07;orient_entropy_s1_B02;tail_aniso_low_ndvi
