omitted_feature,features_retained,parameters,yj_test_mean,yj_test_std,yj_val_mean,yj_val_std,yj_crosses_96,std_test_mean,std_test_std,std_val_mean,std_val_std,std_crosses_96,delta_yj_vs_std
grad_mean_B05,32,297,0.9624691406885783,8.730017221556517e-05,0.9609876672426859,0.00017460034443113033,True,0.9599382678667704,0.0002309479952596518,0.9593827327092489,0.00023097454509549609,False,0.0025308728218078613
std_s1_nbr,32,297,0.9616666436195374,0.0001512083337868717,0.9596913655598959,0.0002309479952596518,True,0.9591975410779318,8.730017221556518e-05,0.9607407450675964,0.0002619005166466955,False,0.0024691025416055945
p10_B12,32,297,0.9615432024002075,0.00017457224653212307,0.9606790145238241,0.0005310262164414215,True,0.9609259168306986,0.0005451624052135761,0.9604320923487345,0.00031476524728005694,True,0.0006172855695089075
tail_aniso_low_ndvi,32,297,0.9610493977864584,8.730017221556518e-05,0.9575926065444946,0.0,True,0.9577777981758118,0.0,0.959074079990387,0.0001512083337868717,False,0.0032715996106466028
grad_mean_B04,32,297,0.9608024756113688,0.00017460034443113033,0.9588888883590698,0.0002619005166466955,True,0.9598148067792257,0.00015118400094529596,0.9577777981758118,0.0001512083337868717,False,0.0009876688321430738
p10_B07,32,297,0.9608024756113688,0.00031476524728005694,0.9587036967277527,0.0,True,0.9595679044723511,0.00017457224653212307,0.9583333333333334,0.00030239233440576264,False,0.0012345711390177039
orient_entropy_s1_B02,32,297,0.9608024756113688,8.730017221556517e-05,0.9596913655598959,8.727207431655791e-05,True,0.9612963000933329,0.00030239233440576264,0.9600617090861002,8.730017221556517e-05,True,-0.0004938244819641113
orient_entropy_B01,32,297,0.9606790145238241,0.00017460034443113033,0.959876537322998,0.0003147379720097524,True,0.9609876672426859,8.730017221556518e-05,0.959876537322998,0.00017457224653212307,True,-0.00030865271886182377
orient_entropy_B12,32,297,0.960493822892507,8.730017221556517e-05,0.9595061937967936,8.730017221556517e-05,True,0.9589506189028422,0.00017460034443113033,0.9612345894177755,8.730017221556517e-05,False,0.0015432039896647876
grad_std_bsi,32,297,0.9604320923487345,8.730017221556518e-05,0.956357995669047,8.730017221556518e-05,True,0.9588888883590698,0.0002619005166466955,0.9586419661839803,0.00017460034443113033,False,0.0015432039896646765
grad_mean_nbr,32,297,0.9604320923487345,8.730017221556517e-05,0.961172858874003,8.730017221556517e-05,True,0.9604320923487345,8.730017221556518e-05,0.9611111283302307,0.0001512083337868717,True,0.0
grad_mean_ndbi,32,297,0.9604320923487345,8.730017221556518e-05,0.9616666436195374,0.0,True,0.959074079990387,0.00040005964736050805,0.9596296350161234,0.00015118400094529596,False,0.0013580123583475379
p50_B12,32,297,0.9603703618049622,0.0001512083337868717,0.9596296548843384,0.0,True,0.9606172839800516,0.00023097454509549609,0.960493822892507,0.00017460034443113033,True,-0.0002469221750894812
p75_B11,32,297,0.9602469007174174,0.00031476524728005694,0.9582716027895609,0.0002309479952596518,True,0.9602469007174174,0.00031476524728005694,0.9591358105341593,0.00017460034443113033,True,0.0
grad_mean_ndvi,32,297,0.9602469007174174,8.730017221556518e-05,0.9600617090861002,0.0002309745450954961,True,0.9596296350161234,0.00026187241874768823,0.9599999785423279,0.0,False,0.0006172657012939453
line_top3_ndvi,32,297,0.9601234396298727,8.730017221556518e-05,0.9585802356402079,0.0002309745450954961,True,0.9582715829213461,0.00017460034443113033,0.9598148067792257,0.00015118400094529596,False,0.0018518567085266113
p75_B04,32,297,0.9600617090861002,8.730017221556517e-05,0.9611111283302307,0.0001512083337868717,True,0.9596913655598959,8.727207431655791e-05,0.9591358105341593,0.0003805326284413459,False,0.00037034352620435307
p75_B01,32,297,0.9600617090861002,0.0002309745450954961,0.9607407450675964,0.0001512083337868717,True,0.9586419661839803,0.00031476524728005694,0.960185170173645,0.0001512083337868717,False,0.0014197429021198804
lbp_uniform_ndbi,32,297,0.9599999785423279,0.0001512083337868717,0.9598148067792257,0.00015118400094529596,False,0.9607407450675964,0.0001512083337868717,0.9599999785423279,0.0001512083337868717,True,-0.0007407665252685547
grad_std_nbr,32,297,0.959876537322998,0.00023095330581282954,0.9599382479985555,0.00017460034443113033,False,0.9582715829213461,8.730017221556518e-05,0.9591975410779318,8.730017221556518e-05,False,0.0016049544016519812
mean_B03,32,297,0.9594444433848063,0.00026187241874768823,0.9612963000933329,0.00015118400094529596,False,0.9566049178441366,8.730017221556518e-05,0.9612345894177755,8.730017221556518e-05,False,0.002839525540669685
corner_frac_pan,32,297,0.9592592716217041,0.0,0.9600617090861002,0.00023097454509549609,False,0.9591358105341593,0.00017460034443113033,0.9595679044723511,0.00023095330581282954,False,0.00012346108754479612
orient_entropy_B03,32,297,0.9591358105341593,0.00017460034443113033,0.9589506189028422,8.730017221556518e-05,False,0.9604320923487345,0.00017460034443113033,0.9603703618049622,0.0,True,-0.0012962818145751953
corner_frac_ndvi,32,297,0.9589506189028422,0.00017460034443113033,0.9586419661839803,8.730017221556518e-05,False,0.9591358105341593,0.00017460034443113033,0.959074079990387,0.0001512083337868717,False,-0.00018519163131713867
grad_mean_s2_B03,32,297,0.9588888883590698,0.0,0.9575308760007223,8.730017221556518e-05,False,0.9605555534362793,0.0001512083337868717,0.9587036967277527,0.0001512083337868717,True,-0.0016666650772094727
lbp_uniform_ndvi,32,297,0.9588888883590698,0.0,0.9612345894177755,8.730017221556518e-05,False,0.9591358105341593,8.730017221556518e-05,0.9612963000933329,0.00015118400094529596,False,-0.0002469221750894812
p10_B04,32,297,0.9588888883590698,0.0,0.9603086312611898,8.730017221556518e-05,False,0.958765427271525,0.00017460034443113033,0.9584567745526632,8.730017221556518e-05,False,0.00012346108754479612
std_B05,32,297,0.9587036967277527,0.0001512083337868717,0.9601234396298727,8.730017221556518e-05,False,0.9580247004826864,0.0003491725909632534,0.9591358105341593,8.730017221556518e-05,False,0.0006789962450662879
corner_mag_ndvi,32,297,0.9586419661839803,8.730017221556517e-05,0.9578395088513693,0.0003147457655436466,False,0.9584567745526632,8.730017221556518e-05,0.9603703618049622,0.0001512083337868717,False,0.00018519163131713867
blob_largest_ndvi,32,297,0.9575926065444946,0.0,0.9579012393951416,0.00017457224653212307,False,0.9558024803797404,8.730017221556518e-05,0.9597530762354533,8.727207431655791e-05,False,0.0017901261647542688
grad_std_ndwi,32,297,0.9574691454569498,0.00017460034443113033,0.9602469007174174,0.0002309745450954961,False,0.9568518400192261,0.0003024166675737434,0.9609876672426859,8.730017221556518e-05,False,0.0006173054377237586
grad_mean_s2_B02,32,297,0.9573456843694051,8.730017221556518e-05,0.9572222232818604,0.0,False,0.9597530762354533,8.727207431655791e-05,0.9575926065444946,0.0001512083337868717,False,-0.002407391866048103
p90_B09,32,297,0.956357995669047,8.730017221556518e-05,0.9577777981758118,0.0001512083337868717,False,0.9567901094754537,0.00017460034443113033,0.9585185050964355,0.0001512083337868717,False,-0.0004321138064067309
