feature_index,feature_name,family,r2
0,mean_B01,moments,0.6706930994987488
1,mean_B02,moments,0.8570433259010315
2,mean_B03,moments,0.9355514645576477
3,mean_B04,moments,0.943935215473175
4,mean_B05,moments,0.9441345930099487
5,mean_B06,moments,0.876503586769104
6,mean_B07,moments,0.8447732925415039
7,mean_B08,moments,0.8604655265808105
8,mean_B09,moments,0.7707425355911255
9,mean_B10,moments,0.4012913703918457
10,mean_B11,moments,0.9436807632446289
11,mean_B12,moments,0.9330716133117676
12,mean_B8A,moments,0.8573645949363708
13,std_B01,moments,0.7607814073562622
14,std_B02,moments,0.8972914218902588
15,std_B03,moments,0.8932007551193237
16,std_B04,moments,0.8663138151168823
17,std_B05,moments,0.7772191762924194
18,std_B06,moments,0.7010018825531006
19,std_B07,moments,0.7043344974517822
20,std_B08,moments,0.7530304789543152
21,std_B09,moments,0.532837986946106
22,std_B10,moments,0.0799022912979126
23,std_B11,moments,0.6724427342414856
24,std_B12,moments,0.6653292179107666
25,std_B8A,moments,0.723219633102417
26,p10_B01,percentiles,0.4910966157913208
27,p10_B02,percentiles,0.6421670317649841
28,p10_B03,percentiles,0.8499826192855835
29,p10_B04,percentiles,0.8342989683151245
30,p10_B05,percentiles,0.8732218742370605
31,p10_B06,percentiles,0.8691923022270203
32,p10_B07,percentiles,0.8465428352355957
33,p10_B08,percentiles,0.8562982082366943
34,p10_B09,percentiles,0.7786084413528442
35,p10_B10,percentiles,0.45515960454940796
36,p10_B11,percentiles,0.9128547310829163
37,p10_B12,percentiles,0.9042094945907593
38,p10_B8A,percentiles,0.8573494553565979
39,p25_B01,percentiles,0.5696967840194702
40,p25_B02,percentiles,0.7396574020385742
41,p25_B03,percentiles,0.8970033526420593
42,p25_B04,percentiles,0.8763131499290466
43,p25_B05,percentiles,0.8994242548942566
44,p25_B06,percentiles,0.8458303809165955
45,p25_B07,percentiles,0.8158187866210938
46,p25_B08,percentiles,0.8293135166168213
47,p25_B09,percentiles,0.7694585919380188
48,p25_B10,percentiles,0.439941942691803
49,p25_B11,percentiles,0.9114912152290344
50,p25_B12,percentiles,0.9060088992118835
51,p25_B8A,percentiles,0.8285943269729614
52,p50_B01,percentiles,0.65586256980896
53,p50_B02,percentiles,0.8207131624221802
54,p50_B03,percentiles,0.918127715587616
55,p50_B04,percentiles,0.9079805612564087
56,p50_B05,percentiles,0.9218088388442993
57,p50_B06,percentiles,0.8410583138465881
58,p50_B07,percentiles,0.8052532076835632
59,p50_B08,percentiles,0.8166431188583374
60,p50_B09,percentiles,0.7639479041099548
61,p50_B10,percentiles,0.40750133991241455
62,p50_B11,percentiles,0.9111643433570862
63,p50_B12,percentiles,0.8966131806373596
64,p50_B8A,percentiles,0.8200697302818298
65,p75_B01,percentiles,0.7256592512130737
66,p75_B02,percentiles,0.8642795085906982
67,p75_B03,percentiles,0.9123051166534424
68,p75_B04,percentiles,0.9260308742523193
69,p75_B05,percentiles,0.9315587878227234
70,p75_B06,percentiles,0.8475799560546875
71,p75_B07,percentiles,0.8161894083023071
72,p75_B08,percentiles,0.8316934704780579
73,p75_B09,percentiles,0.7591622471809387
74,p75_B10,percentiles,0.3663129210472107
75,p75_B11,percentiles,0.9226027131080627
76,p75_B12,percentiles,0.8962655663490295
77,p75_B8A,percentiles,0.8316683769226074
78,p90_B01,percentiles,0.7779452204704285
79,p90_B02,percentiles,0.908197283744812
80,p90_B03,percentiles,0.9243444204330444
81,p90_B04,percentiles,0.9313040375709534
82,p90_B05,percentiles,0.9279544949531555
83,p90_B06,percentiles,0.845151424407959
84,p90_B07,percentiles,0.8198645710945129
85,p90_B08,percentiles,0.8384400606155396
86,p90_B09,percentiles,0.738937497138977
87,p90_B10,percentiles,0.3218243718147278
88,p90_B11,percentiles,0.913581132888794
89,p90_B12,percentiles,0.8889430165290833
90,p90_B8A,percentiles,0.833906352519989
91,grad_mean_B01,gradient,0.8927174806594849
92,grad_mean_B02,gradient,0.9413745999336243
93,grad_mean_B03,gradient,0.935222327709198
94,grad_mean_B04,gradient,0.9421840906143188
95,grad_mean_B05,gradient,0.9129987359046936
96,grad_mean_B06,gradient,0.8062266707420349
97,grad_mean_B07,gradient,0.7935127019882202
98,grad_mean_B08,gradient,0.8896297812461853
99,grad_mean_B09,gradient,0.5840475559234619
100,grad_mean_B10,gradient,0.08865129947662354
101,grad_mean_B11,gradient,0.8104264736175537
102,grad_mean_B12,gradient,0.8411225080490112
103,grad_mean_B8A,gradient,0.7991331815719604
104,grad_std_B01,gradient,0.6423261165618896
105,grad_std_B02,gradient,0.7674741148948669
106,grad_std_B03,gradient,0.7846266031265259
107,grad_std_B04,gradient,0.7961642742156982
108,grad_std_B05,gradient,0.7283477783203125
109,grad_std_B06,gradient,0.6520015001296997
110,grad_std_B07,gradient,0.6820734739303589
111,grad_std_B08,gradient,0.752491295337677
112,grad_std_B09,gradient,0.38001227378845215
113,grad_std_B10,gradient,0.07671147584915161
114,grad_std_B11,gradient,0.6118463277816772
115,grad_std_B12,gradient,0.6138501167297363
116,grad_std_B8A,gradient,0.7003315687179565
117,grad_mean_s1_B01,gradient,0.8927448391914368
118,grad_mean_s1_B02,gradient,0.9523056745529175
119,grad_mean_s1_B03,gradient,0.9426931738853455
120,grad_mean_s1_B04,gradient,0.9457065463066101
121,grad_mean_s1_B05,gradient,0.9101533889770508
122,grad_mean_s1_B06,gradient,0.7964111566543579
123,grad_mean_s1_B07,gradient,0.7840570211410522
124,grad_mean_s1_B08,gradient,0.8481656908988953
125,grad_mean_s1_B09,gradient,0.5874535441398621
126,grad_mean_s1_B10,gradient,0.08810240030288696
127,grad_mean_s1_B11,gradient,0.803281307220459
128,grad_mean_s1_B12,gradient,0.8334487676620483
129,grad_mean_s1_B8A,gradient,0.7912361025810242
130,grad_std_s1_B01,gradient,0.6483374834060669
131,grad_std_s1_B02,gradient,0.7947023510932922
132,grad_std_s1_B03,gradient,0.8117393851280212
133,grad_std_s1_B04,gradient,0.8117781281471252
134,grad_std_s1_B05,gradient,0.7292990684509277
135,grad_std_s1_B06,gradient,0.6524519920349121
136,grad_std_s1_B07,gradient,0.681392252445221
137,grad_std_s1_B08,gradient,0.7444343566894531
138,grad_std_s1_B09,gradient,0.3901216387748718
139,grad_std_s1_B10,gradient,0.0204087495803833
140,grad_std_s1_B11,gradient,0.6103285551071167
141,grad_std_s1_B12,gradient,0.608982264995575
142,grad_std_s1_B8A,gradient,0.6989792585372925
143,grad_mean_s2_B01,gradient,0.8898292779922485
144,grad_mean_s2_B02,gradient,0.9597867131233215
145,grad_mean_s2_B03,gradient,0.9490752816200256
146,grad_mean_s2_B04,gradient,0.9399953484535217
147,grad_mean_s2_B05,gradient,0.8985013961791992
148,grad_mean_s2_B06,gradient,0.7719208598136902
149,grad_mean_s2_B07,gradient,0.7620360851287842
150,grad_mean_s2_B08,gradient,0.7824562788009644
151,grad_mean_s2_B09,gradient,0.5956172347068787
152,grad_mean_s2_B10,gradient,0.08840936422348022
153,grad_mean_s2_B11,gradient,0.7812998294830322
154,grad_mean_s2_B12,gradient,0.8067107796669006
155,grad_mean_s2_B8A,gradient,0.7734301090240479
156,grad_std_s2_B01,gradient,0.6571671962738037
157,grad_std_s2_B02,gradient,0.8023095726966858
158,grad_std_s2_B03,gradient,0.8216322064399719
159,grad_std_s2_B04,gradient,0.8166550993919373
160,grad_std_s2_B05,gradient,0.7370398044586182
161,grad_std_s2_B06,gradient,0.6567213535308838
162,grad_std_s2_B07,gradient,0.6781827211380005
163,grad_std_s2_B08,gradient,0.7164385318756104
164,grad_std_s2_B09,gradient,0.409991979598999
165,grad_std_s2_B10,gradient,0.034956932067871094
166,grad_std_s2_B11,gradient,0.6107573509216309
167,grad_std_s2_B12,gradient,0.6019009351730347
168,grad_std_s2_B8A,gradient,0.6938517093658447
169,coherence_B01,coherence,0.43550366163253784
170,coherence_B02,coherence,0.3721359372138977
171,coherence_B03,coherence,0.38771241903305054
172,coherence_B04,coherence,0.39591968059539795
173,coherence_B05,coherence,0.5612204074859619
174,coherence_B06,coherence,0.5586022138595581
175,coherence_B07,coherence,0.5549495220184326
176,coherence_B08,coherence,0.34119826555252075
177,coherence_B09,coherence,0.484630823135376
178,coherence_B10,coherence,0.022158682346343994
179,coherence_B11,coherence,0.5998775959014893
180,coherence_B12,coherence,0.5924471616744995
181,coherence_B8A,coherence,0.5600241422653198
182,coherence_s1_B01,coherence,0.41003960371017456
183,coherence_s1_B02,coherence,0.3538368344306946
184,coherence_s1_B03,coherence,0.3536122441291809
185,coherence_s1_B04,coherence,0.35882025957107544
186,coherence_s1_B05,coherence,0.5166012644767761
187,coherence_s1_B06,coherence,0.5101075172424316
188,coherence_s1_B07,coherence,0.5089904069900513
189,coherence_s1_B08,coherence,0.3011455535888672
190,coherence_s1_B09,coherence,0.4666559100151062
191,coherence_s1_B10,coherence,0.044491589069366455
192,coherence_s1_B11,coherence,0.5648172497749329
193,coherence_s1_B12,coherence,0.5621567964553833
194,coherence_s1_B8A,coherence,0.5154995918273926
195,orient_entropy_B01,entropy,0.7285885810852051
196,orient_entropy_B02,entropy,0.4737173318862915
197,orient_entropy_B03,entropy,0.5170196294784546
198,orient_entropy_B04,entropy,0.5765223503112793
199,orient_entropy_B05,entropy,0.721381664276123
200,orient_entropy_B06,entropy,0.6771767735481262
201,orient_entropy_B07,entropy,0.6867551803588867
202,orient_entropy_B08,entropy,0.4725056290626526
203,orient_entropy_B09,entropy,0.675682544708252
204,orient_entropy_B10,entropy,0.019673645496368408
205,orient_entropy_B11,entropy,0.7642658352851868
206,orient_entropy_B12,entropy,0.7765513062477112
207,orient_entropy_B8A,entropy,0.6877446174621582
208,orient_hist0_B01,histogram,0.06996786594390869
209,orient_hist1_B01,histogram,0.02174234390258789
210,orient_hist2_B01,histogram,0.07893484830856323
211,orient_hist3_B01,histogram,0.18268489837646484
212,orient_hist0_B02,histogram,0.08999031782150269
213,orient_hist1_B02,histogram,0.07071071863174438
214,orient_hist2_B02,histogram,0.10049670934677124
215,orient_hist3_B02,histogram,0.13300997018814087
216,orient_hist0_B03,histogram,0.07584899663925171
217,orient_hist1_B03,histogram,0.08400595188140869
218,orient_hist2_B03,histogram,0.08814966678619385
219,orient_hist3_B03,histogram,0.14097082614898682
220,orient_hist0_B04,histogram,0.08695399761199951
221,orient_hist1_B04,histogram,0.046547114849090576
222,orient_hist2_B04,histogram,0.06993919610977173
223,orient_hist3_B04,histogram,0.12286549806594849
224,orient_hist0_B05,histogram,0.03235197067260742
225,orient_hist1_B05,histogram,0.036605000495910645
226,orient_hist2_B05,histogram,0.034633755683898926
227,orient_hist3_B05,histogram,0.056911468505859375
228,orient_hist0_B06,histogram,0.027279973030090332
229,orient_hist1_B06,histogram,0.03942370414733887
230,orient_hist2_B06,histogram,0.03222954273223877
231,orient_hist3_B06,histogram,0.0549849271774292
232,orient_hist0_B07,histogram,0.028741180896759033
233,orient_hist1_B07,histogram,0.03829401731491089
234,orient_hist2_B07,histogram,0.03069084882736206
235,orient_hist3_B07,histogram,0.05368661880493164
236,orient_hist0_B08,histogram,0.11167788505554199
237,orient_hist1_B08,histogram,0.07523959875106812
238,orient_hist2_B08,histogram,0.04550349712371826
239,orient_hist3_B08,histogram,0.11935549974441528
240,orient_hist0_B09,histogram,0.03798341751098633
241,orient_hist1_B09,histogram,0.03058868646621704
242,orient_hist2_B09,histogram,0.06074023246765137
243,orient_hist3_B09,histogram,0.12093424797058105
244,orient_hist0_B10,histogram,0.0010509490966796875
245,orient_hist1_B10,histogram,0.00982356071472168
246,orient_hist2_B10,histogram,0.01035451889038086
247,orient_hist3_B10,histogram,0.01154106855392456
248,orient_hist0_B11,histogram,0.0544704794883728
249,orient_hist1_B11,histogram,0.036890506744384766
250,orient_hist2_B11,histogram,0.02195197343826294
251,orient_hist3_B11,histogram,0.054514527320861816
252,orient_hist0_B12,histogram,0.08070546388626099
253,orient_hist1_B12,histogram,0.03056710958480835
254,orient_hist2_B12,histogram,0.028426051139831543
255,orient_hist3_B12,histogram,0.05121833086013794
256,orient_hist0_B8A,histogram,0.027405202388763428
257,orient_hist1_B8A,histogram,0.039897918701171875
258,orient_hist2_B8A,histogram,0.026591002941131592
259,orient_hist3_B8A,histogram,0.0522693395614624
260,fft_peak_B01,fft_peak,0.01326751708984375
261,fft_peak_B02,fft_peak,0.47306740283966064
262,fft_peak_B03,fft_peak,0.44971132278442383
263,fft_peak_B04,fft_peak,0.46516716480255127
264,fft_peak_B05,fft_peak,0.24638515710830688
265,fft_peak_B06,fft_peak,0.19842946529388428
266,fft_peak_B07,fft_peak,0.18991732597351074
267,fft_peak_B08,fft_peak,0.4157641530036926
268,fft_peak_B09,fft_peak,0.007987499237060547
269,fft_peak_B10,fft_peak,0.012067317962646484
270,fft_peak_B11,fft_peak,0.20220637321472168
271,fft_peak_B12,fft_peak,0.2132083773612976
272,fft_peak_B8A,fft_peak,0.1785731315612793
273,corr_B04_B08,correlation,0.43024498224258423
274,corr_B03_B08,correlation,0.3283509612083435
275,corr_B02_B08,correlation,0.3562253713607788
276,corr_B12_B08,correlation,0.498041570186615
277,corr_B04_B12,correlation,0.4282515048980713
278,corr_B03_B04,correlation,0.38065260648727417
279,corr_B08_B8A,correlation,0.4972119927406311
280,corr_B12_B8A,correlation,0.47358471155166626
281,std_ndvi,moments,0.7723514437675476
282,std_ndwi,moments,0.8328564167022705
283,std_ndbi,moments,0.6317592859268188
284,std_ndmi,moments,0.6319001913070679
285,std_nbr,moments,0.8904067277908325
286,std_bsi,moments,0.683957040309906
287,grad_mean_ndvi,gradient,0.9041837453842163
288,grad_mean_ndwi,gradient,0.9371691942214966
289,grad_mean_ndbi,gradient,0.8841549158096313
290,grad_mean_ndmi,gradient,0.8842319846153259
291,grad_mean_nbr,gradient,0.9199399352073669
292,grad_mean_bsi,gradient,0.8744086027145386
293,grad_std_ndvi,gradient,0.9008305072784424
294,grad_std_ndwi,gradient,0.9466955065727234
295,grad_std_ndbi,gradient,0.850080132484436
296,grad_std_ndmi,gradient,0.8500590920448303
297,grad_std_nbr,gradient,0.9030119180679321
298,grad_std_bsi,gradient,0.8659165501594543
299,spread_ndvi,percentiles,0.7538415193557739
300,spread_ndwi,percentiles,0.804706335067749
301,spread_ndbi,percentiles,0.614529013633728
302,spread_ndmi,percentiles,0.6145271062850952
303,spread_nbr,percentiles,0.8720510601997375
304,spread_bsi,percentiles,0.6566001176834106
305,line_peak_frac_pan,hough,0.5988680720329285
306,line_peak_len_pan,hough,0.5989134311676025
307,line_top3_pan,hough,0.6005414724349976
308,line_peak_frac_ndvi,hough,0.7243596315383911
309,line_peak_len_ndvi,hough,0.7243736982345581
310,line_top3_ndvi,hough,0.7313342094421387
311,line_peak_frac_ndbi,hough,0.6463150382041931
312,line_peak_len_ndbi,hough,0.6463311314582825
313,line_top3_ndbi,hough,0.6539635062217712
314,corner_frac_pan,harris,0.8419656157493591
315,corner_mag_pan,harris,0.7513142824172974
316,corner_frac_ndvi,harris,0.9140363335609436
317,corner_mag_ndvi,harris,0.877234697341919
318,corner_frac_ndbi,harris,0.8537306189537048
319,corner_mag_ndbi,harris,0.8212829828262329
320,lbp_entropy_pan,lbp,0.7322300672531128
321,lbp_uniform_pan,lbp,0.7484754920005798
322,lbp_entropy_ndvi,lbp,0.5306179523468018
323,lbp_uniform_ndvi,lbp,0.6943374872207642
324,lbp_entropy_ndbi,lbp,0.6269115209579468
325,lbp_uniform_ndbi,lbp,0.6410052180290222
326,blob_largest_pan,blobs,0.1312975287437439
327,blob_count_pan,blobs,0.5333930850028992
328,blob_mean_pan,blobs,0.3013719916343689
329,blob_largest_ndvi,blobs,0.3134532570838928
330,blob_count_ndvi,blobs,0.5468640327453613
331,blob_mean_ndvi,blobs,0.2662540078163147
332,blob_largest_ndbi,blobs,0.026430189609527588
333,blob_count_ndbi,blobs,0.487748920917511
334,blob_mean_ndbi,blobs,0.28370702266693115
335,fft_slope_pan,fft_slope,0.5410906076431274
336,fft_slope_ndvi,fft_slope,0.7594764232635498
337,fft_slope_ndbi,fft_slope,0.6115846633911133
338,coherence_ndvi,coherence,0.47218626737594604
339,coherence_ndwi,coherence,0.47440439462661743
340,coherence_ndbi,coherence,0.4247357249259949
341,coherence_ndmi,coherence,0.4246562719345093
342,coherence_nbr,coherence,0.21199029684066772
343,coherence_bsi,coherence,0.4522399306297302
344,std_s1_ndvi,moments,0.7673231363296509
345,std_s1_ndwi,moments,0.8255319595336914
346,std_s1_ndbi,moments,0.6210339665412903
347,std_s1_ndmi,moments,0.6208981871604919
348,std_s1_nbr,moments,0.869497537612915
349,std_s1_bsi,moments,0.6782923936843872
350,grad_mean_s1_ndvi,gradient,0.880939781665802
351,grad_mean_s1_ndwi,gradient,0.9209276437759399
352,grad_mean_s1_ndbi,gradient,0.8395998477935791
353,grad_mean_s1_ndmi,gradient,0.839617133140564
354,grad_mean_s1_nbr,gradient,0.9031797647476196
355,grad_mean_s1_bsi,gradient,0.8241869211196899
356,corr_B04_B08,correlation,0.4303421378135681
357,corr_B03_B08,correlation,0.3284730315208435
358,corr_B02_B08,correlation,0.3561714291572571
359,corr_B12_B08,correlation,0.49808114767074585
360,corr_B04_B12,correlation,0.4281662702560425
361,corr_B03_B04,correlation,0.38075846433639526
362,corr_B08_B8A,correlation,0.49738454818725586
363,corr_B12_B8A,correlation,0.473487913608551
364,orient_entropy_s1_B01,entropy,0.636276125907898
365,orient_entropy_s1_B02,entropy,0.48043006658554077
366,orient_entropy_s1_B03,entropy,0.49327462911605835
367,orient_entropy_s1_B04,entropy,0.5454954504966736
368,orient_entropy_s1_B05,entropy,0.671455979347229
369,orient_entropy_s1_B06,entropy,0.6282587051391602
370,orient_entropy_s1_B07,entropy,0.6378109455108643
371,orient_entropy_s1_B08,entropy,0.4546302556991577
372,orient_entropy_s1_B09,entropy,0.6223111152648926
373,orient_entropy_s1_B10,entropy,0.06578606367111206
374,orient_entropy_s1_B11,entropy,0.7289904356002808
375,orient_entropy_s1_B12,entropy,0.744238555431366
376,orient_entropy_s1_B8A,entropy,0.6405146718025208
377,tail_aniso_low_pan,tail,0.26796919107437134
378,tail_spread_low_pan,tail,0.18539226055145264
379,tail_aniso_high_pan,tail,0.12373358011245728
380,tail_spread_high_pan,tail,0.08083409070968628
381,tail_aniso_low_ndvi,tail,0.4595873951911926
382,tail_spread_low_ndvi,tail,0.1568654179573059
383,tail_aniso_high_ndvi,tail,0.15976303815841675
384,tail_spread_high_ndvi,tail,0.13746559619903564
385,tail_aniso_low_ndbi,tail,0.12028634548187256
386,tail_spread_low_ndbi,tail,0.13051486015319824
387,tail_aniso_high_ndbi,tail,0.17462730407714844
388,tail_spread_high_ndbi,tail,0.06252497434616089
